CREATE DATABASE  IF NOT EXISTS `db_gestion_stock` /*!40100 DEFAULT CHARACTER SET utf8 */ /*!80016 DEFAULT ENCRYPTION='N' */;
USE `db_gestion_stock`;
-- MySQL dump 10.13  Distrib 8.0.25, for Win64 (x86_64)
--
-- Host: 127.0.0.1    Database: db_gestion_stock
-- ------------------------------------------------------
-- Server version	8.0.25

/*!40101 SET @OLD_CHARACTER_SET_CLIENT=@@CHARACTER_SET_CLIENT */;
/*!40101 SET @OLD_CHARACTER_SET_RESULTS=@@CHARACTER_SET_RESULTS */;
/*!40101 SET @OLD_COLLATION_CONNECTION=@@COLLATION_CONNECTION */;
/*!50503 SET NAMES utf8 */;
/*!40103 SET @OLD_TIME_ZONE=@@TIME_ZONE */;
/*!40103 SET TIME_ZONE='+00:00' */;
/*!40014 SET @OLD_UNIQUE_CHECKS=@@UNIQUE_CHECKS, UNIQUE_CHECKS=0 */;
/*!40014 SET @OLD_FOREIGN_KEY_CHECKS=@@FOREIGN_KEY_CHECKS, FOREIGN_KEY_CHECKS=0 */;
/*!40101 SET @OLD_SQL_MODE=@@SQL_MODE, SQL_MODE='NO_AUTO_VALUE_ON_ZERO' */;
/*!40111 SET @OLD_SQL_NOTES=@@SQL_NOTES, SQL_NOTES=0 */;

--
-- Table structure for table `admin`
--

DROP TABLE IF EXISTS `admin`;
/*!40101 SET @saved_cs_client     = @@character_set_client */;
/*!50503 SET character_set_client = utf8mb4 */;
CREATE TABLE `admin` (
  `Mle` int NOT NULL,
  `nom` varchar(405) DEFAULT NULL,
  `password` varchar(400) DEFAULT NULL,
  PRIMARY KEY (`Mle`)
) ENGINE=InnoDB DEFAULT CHARSET=utf8mb3;
/*!40101 SET character_set_client = @saved_cs_client */;

--
-- Dumping data for table `admin`
--

LOCK TABLES `admin` WRITE;
/*!40000 ALTER TABLE `admin` DISABLE KEYS */;
INSERT INTO `admin` VALUES (407,'AHMED KHALIL EL BASRI','$2a$10$qRvDUtNgOWUoZ/aqph60JeS2xqGAgSUP6vDjbIj0XkNKMdW1tix.G'),(428,'Zouhair BOUALAOUI','$2a$10$C1yQzPx4e4Z9jArdeHfRF.0hCxhsbVbmApVX7yqsWpRksaqp4Nxqq');
/*!40000 ALTER TABLE `admin` ENABLE KEYS */;
UNLOCK TABLES;

--
-- Table structure for table `agencies`
--

DROP TABLE IF EXISTS `agencies`;
/*!40101 SET @saved_cs_client     = @@character_set_client */;
/*!50503 SET character_set_client = utf8mb4 */;
CREATE TABLE `agencies` (
  `id` int NOT NULL AUTO_INCREMENT,
  `agency_name` varchar(20) NOT NULL,
  PRIMARY KEY (`id`)
) ENGINE=InnoDB AUTO_INCREMENT=15 DEFAULT CHARSET=utf8mb3;
/*!40101 SET character_set_client = @saved_cs_client */;

--
-- Dumping data for table `agencies`
--

LOCK TABLES `agencies` WRITE;
/*!40000 ALTER TABLE `agencies` DISABLE KEYS */;
INSERT INTO `agencies` VALUES (1,'Siège'),(2,'Tanmia'),(3,'Derfoufi'),(4,'Lazaret'),(5,'Melhaoui'),(6,'Alamal'),(7,'Belkhdar'),(8,'Sidi Driss'),(9,'Sidi Yahya'),(10,'Stade d\'honneur'),(11,'Route Taza'),(12,'Laboratoire'),(13,'Autre');
/*!40000 ALTER TABLE `agencies` ENABLE KEYS */;
UNLOCK TABLES;

--
-- Table structure for table `agents`
--

DROP TABLE IF EXISTS `agents`;
/*!40101 SET @saved_cs_client     = @@character_set_client */;
/*!50503 SET character_set_client = utf8mb4 */;
CREATE TABLE `agents` (
  `creation_time` datetime NOT NULL DEFAULT CURRENT_TIMESTAMP,
  `is_admin` int NOT NULL DEFAULT '0',
  `agent_number` int NOT NULL,
  `agent_full_name` varchar(30) NOT NULL,
  `agent_email` varchar(40) DEFAULT NULL,
  `agent_phone` varchar(3) DEFAULT NULL,
  `agent_mobile` varchar(10) DEFAULT NULL,
  `agency_id` int NOT NULL DEFAULT '13',
  `service_id` int NOT NULL DEFAULT '28',
  `password_changed` int DEFAULT '0',
  `info_filled` int NOT NULL DEFAULT '0',
  `agent_password` varchar(255) DEFAULT NULL,
  PRIMARY KEY (`agent_number`),
  UNIQUE KEY `agent_number` (`agent_number`),
  KEY `agents_agent_agency` (`agency_id`),
  KEY `agents_agent_service` (`service_id`),
  CONSTRAINT `agency_fk` FOREIGN KEY (`agency_id`) REFERENCES `agencies` (`id`),
  CONSTRAINT `service_fk` FOREIGN KEY (`service_id`) REFERENCES `services` (`id`)
) ENGINE=InnoDB DEFAULT CHARSET=utf8mb3;
/*!40101 SET character_set_client = @saved_cs_client */;

--
-- Dumping data for table `agents`
--

LOCK TABLES `agents` WRITE;
/*!40000 ALTER TABLE `agents` DISABLE KEYS */;
INSERT INTO `agents` VALUES ('2021-05-05 12:47:39',0,108,'SAID BENHAMOUCHT',NULL,NULL,NULL,13,28,0,0,'$2y$10$ZDiHj/tkpx5rYE.ahMxzBOO322/TW7NXco8Aab0LNaFVQAjZFJNGa'),('2021-05-05 12:47:39',0,109,'ABDELHAMID BEKKAL','','','',1,7,0,0,'$2y$10$ceRURuVIfAR9Z852Cq00j.NnZP/0UyOS38klK1sM5H1PRI4FUFpZq'),('2021-05-05 12:47:40',0,113,'ABDERRAHMANE EL AJROUDI',NULL,NULL,NULL,13,28,0,0,'$2y$10$ARQC3mdMh9XrOf3IE9EfFuprq21tLSJ/u51ejVHBipIPqEqKfEeDW'),('2021-05-05 12:47:40',0,120,'ABDENNACEUR QODAD',NULL,NULL,NULL,13,28,0,0,'$2y$10$muBqFR7fOLqIp9x68L2DN.nsUrZ74pCuw34MCTGxxTKwIN5hyl172'),('2021-05-05 12:47:40',0,121,'ABDELKADER SALHI',NULL,NULL,NULL,13,28,0,0,'$2y$10$XXAw0kwEixlxSYF7EYsSPOmS3v3fr2eU6DdGUMGRY9R/82RyR8BKu'),('2021-05-05 12:47:40',0,124,'MOHAMMED EL ABBADI',NULL,NULL,NULL,13,28,0,0,'$2y$10$Kp7hBkBAoKirg.aBW1mg0utlT8fCE.9JgnT5P6DdnZ3axViD1LtbS'),('2021-05-05 12:47:40',0,126,'ABDELHAK EL OUALI',NULL,NULL,NULL,13,28,0,0,'$2y$10$Oab9kjReKacg2cToauASbexyX5Cy9ZaBbORruPb3f84AZCwN8BYjy'),('2021-05-05 12:47:40',0,132,'MOHAMMED  TAHA ECH CHATOUANI','','','',4,6,0,0,'$2y$10$iv/JdUY0trQldJBOTCSXa.tehnAWHW/UATPg0EF1beS03LhahyPjC'),('2021-05-05 12:47:41',0,139,'AZZEDDINE EL HASSANI',NULL,NULL,NULL,13,28,0,0,'$2y$10$CpnvadQP8gyjeZhmzlSQ4OM5zACOe72bor8fMvt0jFMMLoaEin9BO'),('2021-05-05 12:47:41',0,142,'BELKACEM CHARBIL','','','',1,2,0,0,'$2y$10$LmuFX8PyXZlLJDop2R5ww.KMDWRsd/PZT2VpCS.MT8uF8gr7O0nf.'),('2021-05-05 12:47:41',0,144,'DRISS MOKHTARI',NULL,NULL,NULL,13,28,0,0,'$2y$10$J/FDJOx525zC/3dogBptA.1GicO.7QaKFgmczgyOxM.RSK1qPLGUO'),('2021-05-05 12:47:41',0,145,'MOHAMMED ECH CHAIKHI','','','',1,4,0,0,'$2y$10$/6A.60HLiDjm5kqdeS.5fON7IAodQhF6rKgKdTeyjVVkaomcMtopi'),('2021-05-05 12:47:41',0,147,'MOHAMMED BOULAL',NULL,NULL,NULL,13,28,0,0,'$2y$10$MvV8o/cQNceCu6i15yo3.uHhwizhdWBkQw/rE6Z/tw1zoJyeLXSmu'),('2021-05-05 12:47:41',0,148,'NAJAT BASBAS',NULL,NULL,NULL,13,28,0,0,'$2y$10$dIMxmenEg.aHpL2X1cc9s.A6xhhxA.6dEgU031QETQjZBAZ8uKbGK'),('2021-05-05 12:47:41',0,150,'HAYAT BOUKHATEM','','','',2,11,0,0,'$2y$10$rzPUelFqgpEYa8A.y9bAYuQfDbSkrHNDhZEYMs.hps4VEj5DLI75m'),('2021-05-05 12:47:41',0,152,'MOHAMMED MOUADDINE',NULL,NULL,NULL,13,28,0,0,'$2y$10$8baqQU9vfW0JeKvGQru0zubN45mU61swHUu2GSHVM0zxnG/x6icNu'),('2021-05-05 12:47:41',0,154,'EL HASSANE GHZILI',NULL,NULL,NULL,13,28,0,0,'$2y$10$m8uTS9jNAfUdy6tKADvfeegkzYlZAyA/8V3ts/xmSKsSEhCtkwBJa'),('2021-05-05 12:47:42',0,155,'MOSTAFA MBARKI',NULL,NULL,NULL,13,28,0,0,'$2y$10$XZrU.35mzZ3mM9fgq4Nmh.PeJA9RhRJIaX/X7DlIGRltj5lBINoT2'),('2021-05-05 12:47:42',0,156,'MOURAD LFARH','','','',1,9,0,0,'$2y$10$HDxlcQpe6zqqSXSXx2EF3..dwILu4zlNzFUkaGQjNAehwOIsakaZu'),('2021-05-05 12:47:42',0,157,'EL HASSANE JOUDAR',NULL,NULL,NULL,13,28,0,0,'$2y$10$QRgicH1KSQIpVwZw6S8qG.B9fts2ZDXR6kV6L9GWJ..vxKathTMS2'),('2021-05-05 12:47:42',0,158,'HASSAN SAADAOUI',NULL,NULL,NULL,13,28,0,0,'$2y$10$kYkvw1jac6faWffIsYg1y.gmLhV6.JqUihXUEEAdkbeyASW8aYxt2'),('2021-05-05 12:47:42',0,161,'NOUREDDINE FERNA',NULL,NULL,NULL,13,28,0,0,'$2y$10$i6klgyphhufmk9pboG.2Y.KD4IKTktXCaBAc4565QEK98wXUJ.DKq'),('2021-05-05 12:47:42',0,163,'EL HOUCINE ATIF',NULL,NULL,NULL,13,28,0,0,'$2y$10$z/AR/zVtlm/OEtxjYtj8IOMCq0pWDpxNCERu9uywjJnb8TSDMfwEe'),('2021-05-05 12:47:42',0,167,'DRISS BOURAS',NULL,NULL,NULL,13,28,0,0,'$2y$10$I498DfklFeXQDNUzfgWPyeEGGxKq1yU87XbGjOtbqTuVSlqtvisHi'),('2021-05-05 12:47:42',0,169,'EL ALAMINE MARZOUKI',NULL,NULL,NULL,13,28,0,0,'$2y$10$duyThE9qybWm/q32AX.30.gQ3V4fDb4TiSPcEatDq4Iw3KKW7tP/u'),('2021-05-05 12:47:42',0,177,'MOSTAFA RHEDHBANE',NULL,NULL,NULL,13,28,0,0,'$2y$10$gufh3zNIWI3IirCP41s5zOIDJJlb732oy9fo5J0cfCbtmVmJUIbxi'),('2021-05-05 12:47:43',0,180,'EL KHATIR KASMI',NULL,NULL,NULL,13,28,0,0,'$2y$10$Z7Yhpw8N5Tl/rOqIDtScKOoCQ9dlkmS0/CRNxQm70VfxujIsS7t7a'),('2021-05-05 12:47:43',0,183,'YOUSSEF EL YAZIDI','','','',1,14,0,0,'$2y$10$CH0jyO7OeCkvxx.wwrQXrOqT.N8LL8amCWNTi5YM0q3XNhdDiDiMK'),('2021-05-05 12:47:43',0,185,'NAJIB SAMAH',NULL,NULL,NULL,13,28,0,0,'$2y$10$.Lau8VyNvGIckcCjUhNML.b83UMrx.tGFFQth0mtLcLy/5tpuoldO'),('2021-05-05 12:47:43',0,186,'MOSTAFA MOHAMMED ZOUGAGH',NULL,NULL,NULL,13,28,0,0,'$2y$10$QrhZ9CIJZDjHBjqCJ4PpZOtS2fl2MZL4INCDegjJD22Z4edaQg6ZG'),('2021-05-05 12:47:43',0,188,'BENYOUNES BOUABDELLAH',NULL,NULL,NULL,13,28,0,0,'$2y$10$J9mwOJZS6MwTkWO4NSdfNO4wofV/SKUJnbQgOw4.GVUYgvTN8LSa2'),('2021-05-05 12:47:43',0,189,'EL HOUSSINE BOULAL',NULL,NULL,NULL,13,28,0,0,'$2y$10$b6bc7Zoch5B3m55TVFQUYehnF.Xz3fkkhE2jxx1pfS3uM1HG7xr8S'),('2021-04-17 23:35:37',1,190,'Jamal ELMIR','jamal.elmir@radeeo.ma','144','',1,1,1,1,'$2y$10$N9pOz4bPkq91Wv6caiPTUuOGrp51BLxHYeNTZUo61OSq2.UiUcu2W'),('2021-05-05 12:47:43',0,191,'KAMAL ER RAFAS','','','',1,2,0,0,'$2y$10$QWrgt5LbFDu67Aq0aYd7Y.h.nAOVgpKXBKiQ/XThvcvv.3/kCeg.W'),('2021-05-05 12:47:43',0,192,'YAHYA KASMI',NULL,NULL,NULL,13,28,0,0,'$2y$10$pRRfBn7aVKREptmo9lq.6uU/SFH/f/eevIWK1lIqjbY1BU/oedSga'),('2021-05-05 12:47:43',0,193,'ABDALLAH MAABDA',NULL,NULL,NULL,13,28,0,0,'$2y$10$KC8xXkjuRNNaV/c3DARSye8mtqJmn8e8KjO2nE4/tRslZlCV6bLj.'),('2021-05-05 12:47:43',0,195,'NAJAT MOUSSAOUI','','','',1,2,0,0,'$2y$10$Gk9WqGRcfyw8/Ifnoxxql.K88aNoHEvHbMFhrRIFB0IXmor266cly'),('2021-05-05 12:47:44',0,196,'ABDELGHANI MHAMDI','','','',1,3,0,0,'$2y$10$zWu3Uy4E63iJw3hnEbnINuGy3S2Cl8Po8og6z/w7BMhYPKraVdkXa'),('2021-05-05 12:47:44',0,197,'ALI SAJED',NULL,NULL,NULL,13,28,0,0,'$2y$10$Td/WKsGLIJsU9iDj1W.ygOlYNQARc.yhHKWevZVks6bgUgsj1z9xS'),('2021-05-05 12:47:44',0,198,'MOUNA EL EULDJ',NULL,NULL,NULL,13,28,0,0,'$2y$10$wAIt9fYiTb//Rx37NjdYMuFHn8RsESiiMCY1hs0bX4kNHbyTDW2AW'),('2021-05-05 12:47:44',0,199,'HASSANE ABBAOUY',NULL,NULL,NULL,13,28,0,0,'$2y$10$G6.2NjU9NIxTZu/fO3m.GeoksDEBj5kO19flkAOxJBo48I.stWUQe'),('2021-05-05 12:47:44',0,200,'MOSTAFA OUAHAB',NULL,NULL,NULL,13,28,0,0,'$2y$10$RuDJMkBs1yo1kUEABWeAPuRvDTadAAOGeUyKVGuHM7J1N6fHL9AEG'),('2021-05-05 12:47:44',0,202,'EL MILOUD BAKHTI',NULL,NULL,NULL,13,28,0,0,'$2y$10$C8bUCDd2USX0/Tfe8XiPmOz7DrPLtO.0qxvAKHDHzujqz/J0eBcpG'),('2021-05-05 12:47:44',0,203,'MOHAMMED KASMI',NULL,NULL,NULL,13,28,0,0,'$2y$10$mN6k.JJvXyxBu.Wl74.9KOCJEANttwCxkfaThik2rNJ/2IVmhFZsa'),('2021-05-05 12:47:44',0,204,'MOHAMMED BENHARBIT',NULL,NULL,NULL,13,28,0,0,'$2y$10$Tqk89jmevp/zsTtAs156duc3ZgNk8NvxLgVScNh5dMHoZHP3BX/N2'),('2021-05-05 12:47:44',0,205,'FARID BENSEDDIK',NULL,NULL,NULL,13,28,0,0,'$2y$10$QhKA6Cj.irEtdAYHTS3PS.3bNTqi/ghs8vLqumBW5woEgZsuugGPm'),('2021-05-05 12:47:44',0,206,'ABDELHAQ FEQQOUSSI',NULL,NULL,NULL,13,28,0,0,'$2y$10$5TaWg1Az7hI2/95xpUuWDe.hsh8dmWf0E8Ds1uZn.m18VmKtqAUuS'),('2021-05-05 12:47:45',0,209,'JEMAA CHAYEF',NULL,NULL,NULL,13,28,0,0,'$2y$10$8R0uJSoUvnZlIQiPpDzI4OZHS0kebTHLU9MfAHq.VqYQr/xOSTifW'),('2021-05-05 12:47:45',0,211,'RADOINE HSINI',NULL,NULL,NULL,13,28,0,0,'$2y$10$xVJQEEC2Am.cneO..UUtX.YUlXRhENR7MPdXco0WIvVYJ7aaEK8.6'),('2021-05-05 12:47:45',0,212,'KOUIDER BOUDOUMA','','','',4,11,0,0,'$2y$10$mRR.wT29pqm18xSTGP9Ci.YZc9H1FAWR/2/ZlMXlWAqGVEYeC/fDK'),('2021-05-05 12:47:45',0,213,'MOHAMMED BENNAI','','','',13,10,0,0,'$2y$10$8MInph/YIN88QLkBw/Zmku0UEAlHaiJVJSuOKfzse.oPzL/Ro3nRK'),('2021-05-05 12:47:45',0,214,'EL MELYANI FENHAR',NULL,NULL,NULL,13,28,0,0,'$2y$10$XF/waREukYjkJFfoK00smekde6awGrz8E0/0s8gmZMd9lDIWcy0J2'),('2021-05-05 12:47:45',0,216,'HICHAM MIMOUNI',NULL,NULL,NULL,13,28,0,0,'$2y$10$BZ.nzlQFBVUb/hUN1YalGe.RIcm5oLr6NUD0W5m.0E.6Btg9DKb46'),('2021-05-05 12:47:45',0,217,'RADOUAN MACHKOUR','','','',1,10,0,0,'$2y$10$6FutBNZtdvLPAT24iJ2GDO5mfYxZFs9I7vknEhWxhRzjyKKWHBb5m'),('2021-05-05 12:47:45',0,219,'HOURIA BENSOUNA','','','',1,26,0,0,'$2y$10$lLNYA8gVQ09CiQmWGqWvpueiVwcnCqMFtb4jMF5Uqhl0Jy83nwguO'),('2021-05-05 12:47:45',0,222,'DRISS RAMDANI',NULL,NULL,NULL,13,28,0,0,'$2y$10$/7f1z73YX4w2kn5TbPgoWe4Op6OU5STEWD8/dlYmu2git3uES2kXW'),('2021-05-05 12:47:45',0,223,'ABDELATIF BOUYACHCHER',NULL,NULL,NULL,13,28,0,0,'$2y$10$S2JOSkWULH809ztc3g.RYehSl5Ak54J07F8Smg49HHoAa60U./4OO'),('2021-05-05 12:47:46',0,224,'BOUCHRA ECH CHATOUANI','','','',1,27,0,0,'$2y$10$4kJDfd1zDh8UgTv2hKgzfuvxFIjC7VqbCdXYjfpwNZTMNdOmXp0W.'),('2021-05-05 12:47:46',0,225,'ALI MEZIANE',NULL,NULL,NULL,13,28,0,0,'$2y$10$HO2QjMv2JC/.0st9z8IZJelCoQeyy97wU1T0fVlzngOuc1MrbNXie'),('2021-05-05 12:47:46',0,226,'BELKHIER BOUSSEHB',NULL,NULL,NULL,13,28,0,0,'$2y$10$jE7/yxB15jWo.Vnf82p1meEMmb6QD4Ddv8eu5uYQ7L.gguMwdgqbu'),('2021-05-05 12:47:46',0,229,'SALAH EDDINE LAGHZAOUI','','','',1,26,0,0,'$2y$10$D837HKDIxdVNe.fcVXYRFui4dqipwLC1NxVi1LoCjc1wlCgckEaQW'),('2021-05-05 12:47:46',0,230,'RABI NASBOU',NULL,NULL,NULL,13,28,0,0,'$2y$10$d0XQBsPWWBuD6IgkeEWrg.UpQnfSpSECM.FqUf9j/32okWPWYbn2O'),('2021-05-05 12:47:46',0,232,'RACHID TOUZANI',NULL,NULL,NULL,13,28,0,0,'$2y$10$IAVkdOn2kXi87tK/tvpXhOvr4nW.QZoijgjKvU94AMGkoesvztsFq'),('2021-05-05 12:47:46',0,233,'MOHAMMED ABOUTNI',NULL,NULL,NULL,13,28,0,0,'$2y$10$MYe/XoR0sZ5JwjfXiholqe4yGcO7afZR9EHevn49cTcK321nM7gMy'),('2021-05-05 12:47:46',0,234,'HASSINA LAGHRISSI',NULL,NULL,NULL,13,28,0,0,'$2y$10$pZktdAvsYl2XjecrXJQ.cOxH4UU2DPT4pwGRWKDlZoJjai9Uzu1HK'),('2021-05-05 12:47:46',0,236,'SAID FERZA',NULL,NULL,NULL,13,28,0,0,'$2y$10$8cbwKVErFL8BClr.3eJ1Y.y/yulvVqbez0mpUl7vNlWSsmJRs8kq2'),('2021-05-05 12:47:46',0,244,'HANANE ACHHIBANE','','','',4,28,0,0,'$2y$10$hRIQb1elGKjXOO8hxSxd0utI5NZEk3KDVVVkD05Xx/j2x1XWg9may'),('2021-05-05 12:47:46',0,247,'OMAR MAZOUAK',NULL,NULL,NULL,13,28,0,0,'$2y$10$0/63qm/jQlsl2rZnL8nGs.S3i35Mgb6bPCLk5A.kgwrDfPAjYqMEW'),('2021-05-05 12:47:47',0,248,'ABDESSLAM BLITO',NULL,NULL,NULL,13,28,0,0,'$2y$10$IzDq9vWzvF95Azi/iBPMqOZ8VvtJZFdDLabxIWA/CUSjebJMtIB8W'),('2021-05-05 12:47:47',0,249,'RADOUAN RACHYDY',NULL,NULL,NULL,13,28,0,0,'$2y$10$qzRwi1GwF7xiqgVESJbcje/jjlQW7NXLAaquj.h1JoiazV7ik2W6G'),('2021-05-05 12:47:47',0,250,'EL BEKKAYE JALTI',NULL,NULL,NULL,13,28,0,0,'$2y$10$hZSDbEuR9RywgmXQwFiwd.anpy32D0B9arEYZmz6D40myJQWgR5i6'),('2021-05-05 12:47:47',0,251,'MOHAMED TOUAY',NULL,NULL,NULL,13,28,0,0,'$2y$10$Sj7oEyugWaScnGtM3PK11.ApdDkSnubbE9hPR0CDhdEIWIToSXZ1.'),('2021-05-05 12:47:47',0,252,'MOHAMMED CHAABANE',NULL,NULL,NULL,13,28,0,0,'$2y$10$HHa1BP0zDJJp2cBXXxOIAuaa1er7pT6Oks.JZByCl3E.QR.wQIQL2'),('2021-05-05 12:47:47',0,254,'ABDELMOULA BENALI',NULL,NULL,NULL,13,28,0,0,'$2y$10$B66y9fZzTOU2sc42e6xA1e55Lcv6PxSpg779ShqA1mfBnQkIBuLpC'),('2021-05-05 12:47:47',0,255,'NOUREDDINE BAOU',NULL,NULL,NULL,13,28,0,0,'$2y$10$APcf26XrNn2t1GNZ2/aHy.qVqhMNTzh9SKJszFhPn0foZyYtG965K'),('2021-05-05 12:47:47',0,256,'ABDESSAMAD HADDADI',NULL,NULL,NULL,13,28,0,0,'$2y$10$/NooQG.T.UUT8r6cM2vezewcf66Z6fui1nJ7TOmfYxXmLcS4kCPem'),('2021-05-05 12:47:47',0,257,'MOHAMMED BELARBI',NULL,NULL,NULL,13,28,0,0,'$2y$10$3erdHitT9oSKtRgSQBldQeKMQHjYRwujadqmHv/zkg9IJc5DjiGKm'),('2021-05-05 12:47:47',0,258,'ILHAM ZARZOURI',NULL,NULL,NULL,13,28,0,0,'$2y$10$pfGBvPbvuK6ho55.kC2yr.oWa7TerVuH/.Ava6XdGgut7OyucyVOW'),('2021-05-05 12:47:48',0,259,'BRAHIM ZAIMI','','','',1,3,0,0,'$2y$10$KKgAEx8rcdpAH5geAE3bGeffJ/r76j6VMGIvfrrRSmTpU7L9Guuwu'),('2021-05-05 12:47:48',0,264,'MUSTAPHA BOUKARE',NULL,NULL,NULL,13,28,0,0,'$2y$10$SbQ0NRoA19WV046qH4ueA.8JNQUDsHEHXFLCDwfmYCFTW4VvMi0B2'),('2021-05-05 12:47:48',0,265,'RACHID YAHYA',NULL,NULL,NULL,13,28,0,0,'$2y$10$jh9KUubVKQ0gf7/cKcmoj.XtrlAPmJPu.ggEvD.cQ7fmOIs..kwRm'),('2021-05-05 12:47:48',0,266,'HASSAN LATRACHE',NULL,NULL,NULL,13,28,0,0,'$2y$10$mXZqCrl5QiGKb7o84qWmae5l9Sg/16KyDW8QpIcJrI85mN7McSnWO'),('2021-05-05 12:47:48',0,267,'MUSTAPHA STAHI',NULL,NULL,NULL,13,28,0,0,'$2y$10$hZTXNMxU4EMXd85yKfBNEejsEcl7nD7i6gue.I8nza9jKxDEzUTwe'),('2021-05-05 12:47:48',0,268,'ANOUAR DERROUICHE',NULL,NULL,NULL,13,28,0,0,'$2y$10$Wc4GGTONBiPIbvFpnnqah.OpUh8BkWbVIbL48YeqpsrrYZPTl.SuK'),('2021-05-05 12:47:48',0,270,'HICHAM LAZAR',NULL,NULL,NULL,13,28,0,0,'$2y$10$7uoZ5eWmnUuJx7CCZGuCh.QR0B2/MzYStYM8k.PKx42i3bqyg02BC'),('2021-05-05 12:47:48',0,271,'YOUNESS EDEBBAB','','','',1,28,0,0,'$2y$10$bfOzCgmpyqudfl8NDoY.RudhZpf4RnG.kUaEtKW7/aYPOiUgQEH9u'),('2021-05-05 12:47:48',0,273,'NABIL NEJARI',NULL,NULL,NULL,13,28,0,0,'$2y$10$gjDJp/.GPFNiPi7ZPEPRfOqX2L3F7Ngs2SyTOCn15Juyp23e/Ts76'),('2021-05-05 12:47:48',0,275,'RAMDANE BENTAYAA',NULL,NULL,NULL,13,28,0,0,'$2y$10$a2DEqAku9Sz.JZcW.arE6OSZdu9C4gra2Ex1SwhGeh1MmE7nBybJ.'),('2021-05-05 12:47:48',0,276,'SIHAM BEQQADA',NULL,NULL,NULL,13,28,0,0,'$2y$10$0Hh2Yj1D7q3XBBrr8JE9neu9xhZ0GSnCZWnjuoZJXPmm3.ZN6VKJa'),('2021-05-05 12:47:49',0,277,'AMINE ASMI',NULL,NULL,NULL,13,28,0,0,'$2y$10$.mPn083GlzdTj2rFd0PgbeJbyQhgWtLvD8HdugxZJL2BWwBEuy12C'),('2021-05-05 12:47:49',0,281,'HAJAR DAHBI',NULL,NULL,NULL,13,28,0,0,'$2y$10$rOvbb9mSJ5j49EJihjP8L.HOVWuMs7O4ns73RFEOBLM60SkqGma/O'),('2021-05-05 12:47:49',0,282,'NOR ELYAKIN MIR ALI',NULL,NULL,NULL,13,28,0,0,'$2y$10$dEfC8a9K71QLjzr5eLZwA.HTfIlQIE6MShxFOH6WIm.TUEvY28H3O'),('2021-05-05 12:47:49',0,283,'ADIL MAHROUG','','','',1,7,0,0,'$2y$10$t6mmkkJB1Ch3gflyGEnXAun2cS8jbzG.y5T05QpVwdcvuueYw4KEC'),('2021-05-05 12:47:49',0,284,'YOUNESS TIZEN DAGUINE','','','',1,14,0,0,'$2y$10$HlHnqrC.rmxecYRO38N0ze4uPRuZlIL3HAGQjItSQUrIOizR2bWTy'),('2021-05-05 12:47:49',0,285,'SOUMIA HIMRI',NULL,NULL,NULL,13,28,0,0,'$2y$10$hTstI1AXhG83ErSnzo0/AuD1DvV6JuBPzmz.3hXAlI.ZJX2ANyaqO'),('2021-05-05 12:47:49',0,286,'FAYSAL BEQQADA',NULL,NULL,NULL,13,28,0,0,'$2y$10$7l1Wvss6kdKei0oHuuHFRezaa9Twb4u3cUNjfEU8dv0nIlxoc5hqG'),('2021-05-05 12:47:49',0,288,'HASSAN EL HAMMOUTI',NULL,NULL,NULL,13,28,0,0,'$2y$10$ooGUalecTxkZ.8pdZYBbEuPve7sXGFGKiRa0CazVAVpMiDLE3keJC'),('2021-05-05 12:47:49',0,289,'MOHAMMED MARZOUK',NULL,NULL,NULL,13,28,0,0,'$2y$10$HYGWciCj8JEGyjDdjtSaM.OVmcQr0HJDB/KBJVA3eqUT.cSV7HKnC'),('2021-05-05 12:47:49',0,290,'MOHAMMED FEQIR',NULL,NULL,NULL,13,28,0,0,'$2y$10$itxBCRpbsFDEVMr6XTdCIu/.bFmcH.ea7r9ae43lps.vbUWpNP.7y'),('2021-05-05 12:47:50',0,291,'MOHAMMED YAMANI',NULL,NULL,NULL,13,28,0,0,'$2y$10$TGkGickCmfYJbMaSlN4WtugEBCaGIQov4UPDQtRaT0apjma0VuP5u'),('2021-05-05 12:47:50',0,292,'IKRAM ALLA','ikram.alla@radeeo.ma',NULL,NULL,1,7,0,0,'$2y$10$pssbmuwv1L9CgOOY17oNWeXjLnD7Vhel3hYG7b35rgDOnGeyCAkvu'),('2021-05-05 12:47:50',0,293,'JAMAL BEYYOUDH',NULL,NULL,NULL,13,28,0,0,'$2y$10$lUbgLoT.IXEnGNUeinIYteEHoCyp0RKB65d3eh7J.7IxA0uuW.5FO'),('2021-05-05 12:47:50',0,294,'MOHAMMED EL BAROUDI',NULL,NULL,NULL,13,28,0,0,'$2y$10$4dQI9JuDBwB/TuQAlOl7MeCnKnf7dsa1c0MBAkAnRe6pkHspNzj/6'),('2021-05-05 12:47:50',0,295,'MOHAMMED KEDDAR',NULL,NULL,NULL,13,28,0,0,'$2y$10$o9ZbpSLeztHOEpjWGTpYcOcNMJAXDUp5imPGA8vQ0r4Lb354gq49O'),('2021-05-05 12:47:50',0,296,'AHMED FATHI ECH CHATOUANI',NULL,NULL,NULL,13,28,0,0,'$2y$10$QMYSPV6vKlIqt.zUdXqCc.xpC6rawrMtU4vvFL1u2RMEjWryMlhrm'),('2021-05-05 12:47:50',0,297,'HASSANE HALBOUCH',NULL,NULL,NULL,13,28,0,0,'$2y$10$XGkU2e.9Esrihl5ROSIN5O7ZKT22nZIsas4Hij5ercD7VMHxDPfXC'),('2021-05-05 12:47:50',0,300,'MHAMED BOUKHI',NULL,NULL,NULL,13,28,0,0,'$2y$10$9ykhBrQzbN3Ihn/Uf3SssOt7NmRZ5vYWHSKgaL7KxBpMFtg0IEd0S'),('2021-05-05 12:47:50',0,301,'EL HASSAN FAHI',NULL,NULL,NULL,13,28,0,0,'$2y$10$7cMXVtcAx9X5OQgVWjMI8OU8yFm71uVb.pKieRmL.5OEXFzzMjGcm'),('2021-05-05 12:47:50',0,302,'KHADIJA RBII',NULL,NULL,NULL,13,28,0,0,'$2y$10$eGWZVoIMnStPaeWRGZjxmOkjjFHH94hYAHkob52pMK.H3EhOWv1nq'),('2021-05-05 12:47:50',0,303,'EL HOUSSINE CHAYEB',NULL,NULL,NULL,13,28,0,0,'$2y$10$6NmPDlrneSmNMk5WrhXsQeCGVk98TLrsq0vpqv6I19NnK3hCaWdem'),('2021-05-05 12:47:51',0,304,'LAKHDAR ABBOU',NULL,NULL,NULL,13,28,0,0,'$2y$10$fzTKsDKVNEAel5wGLXCcDeiJDlLyeq/wngWd/rabiNQh9aCoZkgsq'),('2021-05-05 12:47:51',0,305,'LATIFA EL HAJI',NULL,NULL,NULL,13,28,0,0,'$2y$10$KC8fUT0K3Q48weId/tPJK.7Y2YvTqLA8Kfz40z1f126TNeUJcC72G'),('2021-05-05 12:47:51',0,306,'SAID BENHMIDA',NULL,NULL,NULL,13,28,0,0,'$2y$10$DEoYd.lBPH023IFhS42Pt.k/PMT63Mrit9Q059zWR3Gz0vPyX.NVS'),('2021-05-05 12:47:51',0,308,'FATIMA ZAHRA BOUHOUT',NULL,NULL,NULL,13,28,0,0,'$2y$10$TZyyC0kqW6Tw3fIY4c4RDuX/3J.uo.dr7oIcJY.l3a5z/3xSKbakC'),('2021-05-05 12:47:51',0,309,'TAREK BOUHABA',NULL,NULL,NULL,13,28,0,0,'$2y$10$6NqBRWaQmzwiIdqEU8SOZuXsjNYdLqFnjac3e.Ibiwep3dUn5Ys5e'),('2021-05-05 12:47:51',0,310,'NAZIHA EL MEHDI','','','',1,7,0,0,'$2y$10$EFrLM7M6uXO9yMhnMFQrb.OxeEQ/xm7hmXp2FlOdQ0EfSTTAdaNim'),('2021-05-05 12:47:51',0,311,'AZ-ELARAB ELATLATI','','','',1,10,0,0,'$2y$10$79D7XIrkNPBWh/xwpOw2DOvS3Manir72jEcrTkexRwcsSgSWYosnO'),('2021-05-05 12:47:51',0,312,'KHALID MATTOUS',NULL,NULL,NULL,13,28,0,0,'$2y$10$DlPbje4NxU.IOkpRHEkHzeTi.9l9T9SL2i/uakkoqR.loWwC.SWCa'),('2021-05-05 12:47:51',0,313,'SAAD MOUHOUB',NULL,NULL,NULL,13,28,0,0,'$2y$10$XOvR6egw87XgmIgDnk91gOJ0gzZhIuTo4bP.SX6TROiKmyAJyIjAC'),('2021-05-05 12:47:51',0,314,'KARIM NAJMI',NULL,NULL,NULL,13,28,0,0,'$2y$10$J9xgR6G/GGwbUiQzRGDJuuFq1L.AYVl69//.4Jt83spegikPaRpi2'),('2021-05-05 12:47:52',0,315,'BOUCIF MAFTAH',NULL,NULL,NULL,13,28,0,0,'$2y$10$jdlD/qJGcsSlA5zbKeUNqemhZHqv6n2V0ntSlwm5vrRRU/xUJCQgW'),('2021-05-05 12:47:52',0,317,'RACHID TMIMI',NULL,NULL,NULL,13,28,0,0,'$2y$10$CWJxpMHjp6yIGE9wdDPhrOVs5KrpyV68mw7KYlayp4IyqLMxCfOg6'),('2021-05-05 12:47:52',0,318,'MOHAMED CHACHCHA',NULL,NULL,NULL,13,28,0,0,'$2y$10$aE32SCB5txLDKmOL1uPNd.rJCBTk9ixqzEUDBiZ.zFsII/qTVczoq'),('2021-05-05 12:47:52',0,319,'ABDELKARIM GHAZI',NULL,NULL,NULL,13,28,0,0,'$2y$10$Om7Qdo7NlRGun1AlVbt6GefcKd3a7ApKKkdSv9O/YDF6z3XvVS6o2'),('2021-05-05 12:47:52',0,320,'ABDELQADER TIRSI',NULL,NULL,NULL,13,28,0,0,'$2y$10$o8rAyF81.NVEd61658/QoemNu4GnViYZEMkoGMQUIxY4A8Uu/vaz.'),('2021-05-05 12:47:52',0,321,'MOHAMED BOUKARMOUSS',NULL,NULL,NULL,13,28,0,0,'$2y$10$GmZI9IPg./6mvvyqx8qk.OTcbYXnA24bPrEll3Lm27lxGmDoBjpHC'),('2021-05-05 12:47:52',0,322,'NOUREDDIN CHARIF',NULL,NULL,NULL,13,28,0,0,'$2y$10$GkyA/JIHCTHVq4FKC9n0tuzbImUeb8vw/zSp1JlrewuGQAvVUdY9.'),('2021-05-05 12:47:52',0,323,'AHMED BAHA',NULL,NULL,NULL,13,28,0,0,'$2y$10$hMPH4BHX/HBWo1mHUYjfWupO9rVj14qBzEE3Oyyd55KtE.CZqpj5C'),('2021-05-05 12:47:52',0,325,'SAFAE LAHLOU','','123','',1,11,0,0,'$2y$10$5o31uueaxZOz2SysqBf.jOKZLCOUkyRW3xFkh/VGXV2Vp91/GGQJ.'),('2021-05-05 12:47:52',0,326,'SOFIA ERROUGUI',NULL,NULL,NULL,13,28,0,0,'$2y$10$GCGPSIEGE9C2eBOh0vYOB.NcISzERdIbAINbf6QAPLUekMGMjHMmC'),('2021-05-05 12:47:53',0,327,'ZINEB TALOUCHE','','','',4,6,0,0,'$2y$10$eZxyxAYzQAHPaTWdz2ABOubeKGajdDW7UoJzsx.jJYF0o/WyqJrtG'),('2021-05-05 12:47:53',0,328,'ABDERRAHMAN AIT EL KADI',NULL,NULL,NULL,13,28,0,0,'$2y$10$KyayG7zdc.p8lsOzEvNqa.OYUtI1P5fEvsg3.DS/jzTQZ37MEjo7q'),('2021-05-05 12:47:53',0,330,'MOUNIR BENADDOU',NULL,NULL,NULL,13,28,0,0,'$2y$10$obZf9X9AWS6k4PYTqDdI3ekPVUeC7QBkD0cZ/N1M5nLUwzNU4Cz72'),('2021-05-05 12:47:53',0,331,'MOSTAFA LAHMIYANI',NULL,NULL,NULL,13,28,0,0,'$2y$10$c/82I9i/YoStRkRMDuPUA.SYXkt.1E8Xf0s5kwysCTxmYiN64Qkim'),('2021-05-05 12:47:53',0,332,'SOUAD EL ACHAOUCH','','','',1,7,0,0,'$2y$10$mrIuJYV6WiS3j41Lnnqhne25exUQiOIvNFX/NEm2xIOJ6hbjRuDna'),('2021-05-05 12:47:53',0,333,'HICHAM MOUSSAOUI',NULL,NULL,NULL,13,28,0,0,'$2y$10$2WIoAGvJaRA.hVfbZiqIku.Vw6vwm72AqghdDNpWl82tMHxFGs/yi'),('2021-05-05 12:47:53',0,334,'MOHAMED ACHOUR',NULL,NULL,NULL,13,28,0,0,'$2y$10$oZI1VzrS/0x3ugMjfr/Y2O7iK/PrR5SLFRg9EavLLFStlC8uvk.RK'),('2021-05-05 12:47:53',0,335,'ABDELKRIM CHADLI',NULL,NULL,NULL,13,28,0,0,'$2y$10$0VxOd0RrXnECCOL9f3slB.XrneM5raZMW4FfGUBPa0AukbFh/Jme.'),('2021-05-05 12:47:53',0,336,'KADA ZEKRAOUI',NULL,NULL,NULL,13,28,0,0,'$2y$10$JNRCXe41kpZdv9TJBS4nsORdF4OgNmJWOCPJmSOaGAc0tftJBB7He'),('2021-05-05 12:47:53',0,337,'YAHYA DAHMANI',NULL,NULL,NULL,13,28,0,0,'$2y$10$2G6yi8erNXYEC37ppx8Mw.CJN5aw2437qk2qGDXkfT0umdnPD8PNG'),('2021-05-05 12:47:53',0,340,'MOHAMED DAHMANI',NULL,NULL,NULL,13,28,0,0,'$2y$10$jVe22wgXHvQXEE.FGBJgN.2i3BsQZJiPddCorNS6jHMH2/PgVvtEW'),('2021-05-05 12:47:54',0,341,'HAFIDA RAHMANI',NULL,NULL,NULL,13,28,0,0,'$2y$10$LZu83i.Qi09lGJL2Xj96/.Hi7Lu02g7pD9Uf7z8ijypJFtgkFyVj.'),('2021-05-05 12:47:54',0,342,'SAMIHA BENDAMIA','','','',1,11,0,0,'$2y$10$OE1/gheJ26o6SMBDQ4F4E.q6oSr/qIbwUcA74k8CEtsNd8cz8/JJ6'),('2021-05-05 12:47:54',0,343,'SANAE BEYYOUDH','','','',1,28,0,0,'$2y$10$QoXqORAy.mMmJk1RU3tDYeR2EZk1US2XV4Zxxkf6N9llCzrm79//i'),('2021-05-05 12:47:54',0,344,'HASSAN HSAINI','','','',1,27,0,0,'$2y$10$p.0hSbhPTqTsnmJtgFgPhet8okeFTECmyxQtIF8mPxUTexRK1S5RS'),('2021-05-05 12:47:54',0,345,'SAMIR EN NEJJAR',NULL,NULL,NULL,13,28,0,0,'$2y$10$q2uu5as/6ryHUAXKq3FGn.1IXilMwpKJMLoUSHnbmloiezgIiYJg.'),('2021-05-05 12:47:54',0,346,'BENAISSA BAKHTAOUI',NULL,NULL,NULL,13,28,0,0,'$2y$10$PVhPQXeUEoKytaOMm8x/e.5oEvVvg9bjGgaltGtnZlpWWIypnRGAy'),('2021-05-05 12:47:54',0,347,'EL AMINE SIKOUK',NULL,NULL,NULL,13,28,0,0,'$2y$10$TkhMvQSiluebZfEoM169WeSGnLqpL4vcT0t3VNzSSHI.M5hdaKOqq'),('2021-05-05 12:47:54',0,348,'ABDELHAMID ELMOUTAOUADI',NULL,NULL,NULL,13,28,0,0,'$2y$10$G0sAF9e5qZbsAAJoLYl2NeRGCq3y9eDvdT7J.w0BfzXpfjprVOP/6'),('2021-05-05 12:47:54',0,350,'MOUNA HENNANI',NULL,NULL,NULL,13,28,0,0,'$2y$10$9Np901Pzm/JK2ZiNMl9UJOIOthyBk794E8wtlr75ig8Ev1zmuJpOu'),('2021-05-05 12:47:54',0,351,'MOHAMMED BOUKABOUS',NULL,NULL,NULL,13,28,0,0,'$2y$10$h7gaSszdD0MFe6ruqCqLne7Jj9IC.1nOKub7wTPt1fKFRzPlIv4ci'),('2021-05-05 12:47:54',0,352,'ABDELFATTAH EL KHALFI',NULL,NULL,NULL,13,28,0,0,'$2y$10$Ed5OxhjrECrylICOHomq9eunuYaetLdR3yC.V89vXMOguHL6LzfjC'),('2021-05-05 12:47:55',0,353,'AHMED MIRAOUI',NULL,NULL,NULL,13,28,0,0,'$2y$10$3sCsFQbtzh.Fczw4D/3S1.6Xk9CxzTxiEoZqdoFSG77/f3H4w4FI2'),('2021-05-05 12:47:55',0,355,'MUSTAPHA EL  HILLAL',NULL,NULL,NULL,13,28,0,0,'$2y$10$IYKEjOUZ.lnzMLI9S2UcS.AItkTkG6LEl3yUNatz7mzPDP011hjr.'),('2021-05-05 12:47:55',0,356,'REDA HILAL',NULL,NULL,NULL,13,28,0,0,'$2y$10$xDZRpxGJzU7nMowpSAvj9e6WtF7O3.oVphXo5zBEqoelv6g.hCe2u'),('2021-05-05 12:47:55',0,357,'MOHAMMED ATMANI',NULL,NULL,NULL,13,28,0,0,'$2y$10$zzoMYmVcZK2sb7TguGhr8.ZovrL6Xt69jr1cGIARoAzYDG9QMn0Ri'),('2021-05-05 12:47:55',0,358,'NABILA EL YAAGOUBI','','113','',1,14,0,0,'$2y$10$c10amX1BUHkplzUuo5Dg..l6Ge.hulo2eVpXR9GcMqayPRJ4eI/eq'),('2021-05-05 12:47:55',0,359,'AMAR BARHTAOUI',NULL,NULL,NULL,13,28,0,0,'$2y$10$VJACxnSNn82b1cUPys8k2OJbsaIR.xGrM2HNkkcLLEbmVe2GNGBwu'),('2021-05-05 12:47:55',0,360,'ABDELLATIF BENKARROUM',NULL,NULL,NULL,13,28,0,0,'$2y$10$yAkZJxuoejbsIu1sl1E0wubrpuv12hufKaWTWhPrKWfDJiwygXdNO'),('2021-05-05 12:47:55',0,361,'YASSINE BOUTRIGUI',NULL,NULL,NULL,13,28,0,0,'$2y$10$DbtXGrZZ/6oStKZZ4adTZ.SmfOx.glr5qon2.dPa8eE5dPcLF8PRK'),('2021-05-05 12:47:55',0,363,'ILHAM EL AQUIBI',NULL,NULL,NULL,13,28,0,0,'$2y$10$cyIuZpd.XNXa110286/m6..hKXSqm8hpbxLkbMSykyadFz2Axc982'),('2021-05-05 12:47:55',0,364,'IMAD EL KACHKACHI',NULL,NULL,NULL,13,28,0,0,'$2y$10$bQsPDn8AMsrHGfeJmHvo2.Jt488yXwc2wbETGC.dnrpT8tpSJYVwm'),('2021-05-05 12:47:56',0,365,'MOHAMMED RHAMSOUSSI',NULL,NULL,NULL,13,28,0,0,'$2y$10$o2306Oj8.9I3Lsxzu/2sMOQsg4rlfLeNQNf1ry7jvKa7GN8gmoBC2'),('2021-05-05 12:47:56',0,367,'ADIYE GUERROUJ',NULL,NULL,NULL,13,28,0,0,'$2y$10$9QTUpdEbHh5vEuipEdxpw.TM9ImwGfvOUQhbG44FEgaIC7quq0qXO'),('2021-05-05 12:47:56',0,368,'HICHAM EL  YOUSFI',NULL,NULL,NULL,13,28,0,0,'$2y$10$fkMoeWSuLsmssIxz1BOsXuIw4pgIWt27jkuzdHIiDpfNPqxbTH9ce'),('2021-05-05 12:47:56',0,369,'ISSAME LAHLOU',NULL,NULL,NULL,13,28,0,0,'$2y$10$/nTzde1BZtkxVEqnhVFOGOOCswkhgUUlWf6Z37OH/0Ykmt3Ztm8KS'),('2021-05-05 12:47:56',0,370,'ABDERRAHIM JAOUJAOU',NULL,NULL,NULL,13,28,0,0,'$2y$10$VL2NPwjI0hmyDdgMknhCwuvhHjow0TDsKSHEPhEMAitStzbsEqbMu'),('2021-05-05 12:47:56',0,371,'NADIA IMAM',NULL,NULL,NULL,13,28,0,0,'$2y$10$8X/twDh8FSLBNm33yz1OoeXMtcEaM3Krq/tcSZXr2GJuKrAbIJT3S'),('2021-05-05 12:47:56',0,372,'MOUSTAPHA AMEDJAR',NULL,NULL,NULL,13,28,0,0,'$2y$10$xUtxDxxjQCrpCxsErCwLFe0Y9YXE83agZrXisbEa1Xh9Thu0k6CWG'),('2021-05-05 12:47:56',0,373,'ABDELHAK BEN LAHCEN',NULL,NULL,NULL,13,28,0,0,'$2y$10$cvqVb6xw/8qeWDnNdHiC1e0hEvTV7V5gNfBCrXZEn4nCjq4mV2Lcu'),('2021-05-05 12:47:56',0,374,'HASSANE LAOUNI',NULL,NULL,NULL,13,28,0,0,'$2y$10$NBSRQx87sXhvnIarLTnUE.4sA3e7L9lHsTYiBFD7Qy764aKY9jewS'),('2021-05-05 12:47:56',0,376,'MOSTAFA MELHAOUI',NULL,NULL,NULL,13,28,0,0,'$2y$10$OGkHwg8uzakTsmtWueg8K.QWDhD6Gjav2DRRent8CJgdC.bshejDO'),('2021-05-05 12:47:56',0,377,'JAMAL ALLAOUI',NULL,NULL,NULL,13,28,0,0,'$2y$10$vHG1.P6Dw5bZQwBIt4NXgujNNVjxxekE5Lb92Ulq/f09y/UNRIFjK'),('2021-05-05 12:47:57',0,379,'MOATASSIM BOUCRAA',NULL,NULL,NULL,13,28,0,0,'$2y$10$aZD3UL7HsP.5rZz9dl1iAODKAGi3igrtZ9fvuXbEXDaAaaZh4WvHC'),('2021-05-05 12:47:57',0,381,'AYOUB AZZOUZI','','','',1,14,0,0,'$2y$10$2pDh0bWiwooLx5b5WB3F1.DVF1Uh3Nf7MfqLO4xHnlLF.PCbnrg2e'),('2021-05-05 12:47:57',0,382,'HAMZA KAJEIOU',NULL,NULL,NULL,13,28,0,0,'$2y$10$Frp4sycbjGwiI3Y7HlkhquJGCZyz8yVlHO9VLA0EgsHoIwd8ONN1m'),('2021-05-05 12:47:57',0,383,'SANAE BENHAR',NULL,NULL,NULL,13,28,0,0,'$2y$10$tkgzVzfNYimp3HtWkW3F2ezRFFoE2Mqg5zq.2/a./HoCnC3Ty4TW6'),('2021-05-05 12:47:57',0,385,'ASMA ABRAGH',NULL,NULL,NULL,13,28,0,0,'$2y$10$QQxCHvn3SniRuz4Y2303seoZbNb4XGqoRd80n9tU3t/H1CA4W5R.S'),('2021-05-05 12:47:57',0,386,'RADOINE NOUAYTI',NULL,NULL,NULL,13,28,0,0,'$2y$10$Zo7cCU7ebOVCwoWRUOXr9eoIxnWmG7MXh9vcjQbd7b0vFyzfakCcy'),('2021-05-05 12:47:57',0,387,'RACHID MOUTAOUKIL',NULL,NULL,NULL,13,28,0,0,'$2y$10$7CoVHQtTW3ef2gJZXT3OsewExJTdHpShnfVJDkCgAQ9ra9Mp6JoL6'),('2021-05-05 12:47:57',0,388,'MOHAMMED AGUILI',NULL,NULL,NULL,13,28,0,0,'$2y$10$mFbrU0JAbetF3.xXbMdXCO.ZVgfvSskTA0OACfYI.I4NcWiMbqLNy'),('2021-05-05 12:47:57',0,389,'MOHAMED AMAZIANE',NULL,NULL,NULL,13,28,0,0,'$2y$10$vFc4iudQxkpxfx2v071v.eGmZOpU/Z9O9lcEEkainrxD5EiunNugO'),('2021-05-05 12:47:57',0,390,'AHMED BALI',NULL,NULL,NULL,13,28,0,0,'$2y$10$J6z3at8/B1M8JTlrtdX.9.OZIBtccRv90DwBWG7GumcIJWCNTPG0O'),('2021-05-05 12:47:58',0,391,'ABDERRAHIM DERKAOUI',NULL,NULL,NULL,13,28,0,0,'$2y$10$ECIRhWs8EBfJOoecWX6Bx.ZrBtdNeYeTwkVylmk2Lb6E4iPnbg5li'),('2021-05-05 12:47:58',0,392,'ISSAM CHEMLAL','','','',1,28,0,0,'$2y$10$Tg6UHec0vBOwH8GFBdJc..eDtr6awJgdqneejK6Ksmav9cJ0NcJGG'),('2021-05-04 14:14:50',1,393,'Ilyass MOKHTARI','ilyass.mokhtari@radeeo.ma','140','',1,1,1,1,'$2y$10$zhdHxECcC8WwwRI7lithT.Ll0EBGyQX59T5IUVkTVdbZvg3JmezXC'),('2021-05-05 12:47:58',0,395,'ANAS BOUSSEDRA',NULL,NULL,NULL,13,28,0,0,'$2y$10$vn8kApnl.awn5lN5dYcMCuD5EL483wj902rXXaZLRac.IVVvV6jCK'),('2021-05-05 12:47:58',0,396,'ABDELILAH BENTAYAA',NULL,NULL,NULL,13,28,0,0,'$2y$10$KcJ/KZUephhuG5bKZtvy6e/Ls2L0v313i6juTXZM0y7hkV5QN6CZa'),('2021-05-05 12:47:58',0,398,'MOHAMMED HAMMOUDA',NULL,NULL,NULL,13,28,0,0,'$2y$10$lsto3HS48H9ShfUEa7txYeCJ4IXtWxjeyCo7mduCaldVHRtrpmT7m'),('2021-05-05 12:47:58',0,400,'LAMYAE BOUANOUZ',NULL,NULL,NULL,13,28,0,0,'$2y$10$r7zyqlmk0z53A9nEdCKqLe8qgQrOOK.kpX/uZltsHauYR0/s/SU3C'),('2021-05-05 12:47:58',0,401,'NABIL EL HAZZAB MOHAMMED',NULL,NULL,NULL,13,28,0,0,'$2y$10$fRgkFUnB98/BTJlI/js1x.qCSNRu0KxdHV6L..M6EnXyUChAmhfRW'),('2021-05-05 12:47:58',0,402,'ABDELAZIZ AMIN',NULL,NULL,NULL,13,28,0,0,'$2y$10$wRLMTQeF/JbxMiCauhe7oeGKL7TshGj4/eMwZbQRxGh5wao3wgKza'),('2021-05-05 12:47:58',0,403,'KARIM MOHDADI',NULL,NULL,NULL,13,28,0,0,'$2y$10$QsE3HdMcEFmU35zrNCKrFuyDXePcB8DMlF2zsb0BO1AHY7WBMWr0a'),('2021-05-05 12:47:59',0,404,'MOUHSSINE EL AICHI',NULL,NULL,NULL,13,28,0,0,'$2y$10$vmDRC33NEVzqmOTX1F84C.dCPwIWcyMIuWlHAeelrkioKX97CBsB6'),('2021-05-05 12:47:59',0,405,'AHMED AISSI',NULL,NULL,NULL,13,28,0,0,'$2y$10$HE6u8Sh1V73RUWuzSSKq.O6P0Jv5MbgJOBrWMU8/AlKOo43g7CCue'),('2021-05-05 12:47:59',0,406,'MOSTAPHA ZAAM',NULL,NULL,NULL,13,28,0,0,'$2y$10$BX8dDQI3I1ESfBURinRxIu3YfXtuDrO/vdtU06Dq2fXwk4104tz4i'),('2021-04-17 23:35:37',1,407,'Ahmed Khalil ELBASRI','ahmedkhalil.elbasri@radeeo.ma','144','',1,1,1,1,'$2y$10$ZTgIT6Yv7FIqDFhDurX4BORwVqcazCUx4BJtA7aRL.6gq1GSGJGIy'),('2021-05-05 12:47:59',0,408,'SAMIRA JALLAL','','','',1,7,0,0,'$2y$10$osDZ9sn3EUO91WbBA1qtKunM3qcc/kHL5O8SHST5YIRyPLOfAoCHa'),('2021-05-05 12:47:59',0,409,'ADEL HALLOUMI',NULL,NULL,NULL,13,28,0,0,'$2y$10$kCWFG6Xfzj4oozWfZU.NZuL7HrwubogvtAClk8nQ0dG/tEEOgFDW6'),('2021-05-05 12:47:59',0,410,'SARA TOUATI',NULL,NULL,NULL,13,28,0,0,'$2y$10$OgGEGCLuj59BgpbBimViqOFZLj3wIuwYB8guxLUsAUHrdbQbkMGlW'),('2021-05-05 12:47:59',0,411,'ABDELMONAIM KHARMACH',NULL,NULL,NULL,13,28,0,0,'$2y$10$7GHiUsTiieH7E49NX7fvNORQNzgy0cziBcniIkqJ4md.03wbluQkS'),('2021-05-05 12:47:59',0,412,'ABDELILAH DEBBI',NULL,NULL,NULL,13,28,0,0,'$2y$10$rdgUIwL553kIQNE2AThE3uOYv10SEfXCjQM0dHRqVQgl6YSiAqLyq'),('2021-05-05 12:47:59',0,413,'MOHAMMED AFQIR',NULL,NULL,NULL,13,28,0,0,'$2y$10$DOzA57rcls3hocm1TNrUs.6RH77CppWmO1azq0kRf9b6nwXz6kviG'),('2021-05-05 12:47:59',0,414,'MOHAMMED KETOUY',NULL,NULL,NULL,13,28,0,0,'$2y$10$UPjxRR21oheND1Io7XoceuBEOmvXo2YD23R333m2pbjKz1abpvn76'),('2021-05-05 12:48:00',0,415,'EL HOUSSINE KADDARI',NULL,NULL,NULL,13,28,0,0,'$2y$10$ybXcv3qG9whi7KQfoLPnKuMPmzGtQ1wRWdT9R17JSNXKVHiSPW66S'),('2021-05-05 12:48:00',0,416,'JAMAL BENELFATMI',NULL,NULL,NULL,13,28,0,0,'$2y$10$Cc/J/q7TVWm8IztPb1oHkel55q7N/ob.ZSSy7OKSvqDuu3xPvpVly'),('2021-05-05 12:48:00',0,417,'MOHAMMED FILALI',NULL,NULL,NULL,13,28,0,0,'$2y$10$jBomVHEAtqQlO4AlHfM9eOBOxAC0QFBIQw/qL0lnNYrwHwuuJwsQa'),('2021-05-05 12:48:00',0,418,'SAID FATHI',NULL,NULL,NULL,13,28,0,0,'$2y$10$K740KCvQ0iHowVCoKcxacu1hxqwkmvvEG86moNGnI9KF2iifCe6x6'),('2021-05-05 12:48:00',0,419,'MOUNA HMAMOU','','','',1,9,0,0,'$2y$10$klLcfAdsLTDKEAI7DhwYaeL6GZHFJ.T.kQRrX371I.BMRPQBFHP7q'),('2021-05-05 12:48:00',0,420,'CHAKIB KARZAZ',NULL,NULL,NULL,13,28,0,0,'$2y$10$BM5WoXCxJuY6inxSe7SG8.l5ieMbOf8kuA3plLSotBQlEisOlQTRa'),('2021-05-05 12:48:00',0,421,'SALIMA SEBBANE',NULL,NULL,NULL,13,28,0,0,'$2y$10$oLO0dzmr4Ul/WYtQpyJolO.WFxyy7dh9t8UOKQRvFccjY6q/EOphK'),('2021-05-05 12:48:00',0,422,'KHALID LOUDYI',NULL,NULL,NULL,13,28,0,0,'$2y$10$aixkTg5WRol8d1uJwTSmPeeI3h9tKyAVlBBFeV2IuhkJJ5alum3Y2'),('2021-05-05 12:48:00',0,423,'HAMZA ZARHOUNI',NULL,NULL,NULL,13,28,0,0,'$2y$10$pdwbSOO2RPR9M6Lfw4.oJ.PMfdMXp30xBWQzcDN9YcRXjJ/vxLtfW'),('2021-05-05 12:48:00',0,424,'MOHAMMED MOKHTARI',NULL,NULL,NULL,13,28,0,0,'$2y$10$WQ2z.YLPdiGgXRsigsUr8OTbDv0CFFfGIddwBY1tm5wGKUSa1PlEO'),('2021-05-05 12:48:01',0,425,'LAMYAE BACHIRI',NULL,NULL,NULL,13,28,0,0,'$2y$10$zOkrf2g3uSOaRKsYi5C24exYWn4kdnKv3eWNYGTnW4R2Gj5ru1Kde'),('2021-05-05 12:48:01',0,426,'SARA BOUKABOUS','','','',4,28,0,0,'$2y$10$K0llqAoLnyrYT/Cgw0m/De5OL19CIjC6mrkPKwQG0BmDfQ64pbVgi'),('2021-05-05 12:48:01',0,427,'MOHAMED BOUTHIR','','','',4,9,0,0,'$2y$10$L3/EzTJI2e3oW6uOwhjRVuDD5xP94bRw83/LGwEdgY1k1t1jZOsoC'),('2021-04-17 23:35:37',1,428,'Zouhair BOUALAOUI','zouhair.boualaoui@radeeo.ma','144','',1,1,1,1,'$2y$10$/ma0XUgC5Lgeoz.aYS8PkeDmJCzshfnIYp.TpY0Turl0dkZwQT3su'),('2021-05-05 12:48:01',0,429,'LEILA ZAIMI','','','',1,23,0,0,'$2y$10$U9KLsLMwJx9pNOoJFNl3wePvVZrhjpcNSqD7P5rO28BoWqY7we10q'),('2021-05-05 12:48:01',0,430,'HANANE FRIHA','','','',4,11,0,0,'$2y$10$9O39iuxEDLgzJ2E4ps.FJ.bE7QmthyfxTJElAmvQtSDTpiOX.c1ju'),('2021-05-05 12:48:01',0,431,'HANANE AZIZI',NULL,NULL,NULL,13,28,0,0,'$2y$10$yWgzhC7zARJShqWFcGNYZ.03HGv1KiJnAFe/AMQmNmpBA3FwAbxoy'),('2021-05-05 12:48:01',0,432,'YOUSSEF BERRAHOU',NULL,NULL,NULL,13,28,0,0,'$2y$10$Bqgq4/fFWnNaNJiEuQ7U..4lnb.loFr1s4J73JMIgG8TY4S9Cwa/.'),('2021-05-05 12:48:01',0,433,'SANAE BENAHMED','','','',1,7,0,0,'$2y$10$T7CUlFsHWLh0j3ZVaSAQvuPdDdvzlKVlXUBwWhTd/4322xXpytKXy'),('2021-05-05 12:48:01',0,434,'BRAHIM ECHCHAIT',NULL,NULL,NULL,13,28,0,0,'$2y$10$HHSe2Exrf.aLMyocBZBGv.zMN3OpZpFhjAozymVb2DL/b/XTAK3W6'),('2021-05-05 12:48:01',0,435,'ABDENNAJI BER-RADIA',NULL,NULL,NULL,13,28,0,0,'$2y$10$mjnnIl0h16/MdWO2243wH.HBgHZGMtCdtlxdAkl7An49bKy3n7sC2'),('2021-05-05 12:48:02',0,436,'SAID KADIRI',NULL,NULL,NULL,13,28,0,0,'$2y$10$acAO9b8MsHwgQgP.gJphP.g8MvqmxHq1DkidaM/1glk4.i.OW5aoC'),('2021-05-05 12:48:02',0,437,'MOHAMED DARDAZ','','','',3,9,0,0,'$2y$10$L0VPsEYCL6TWQX5CxN7ydOS8eowhaYUMpD3S6ANGpiizwIOgaO.M2'),('2021-05-05 12:48:02',0,438,'MOHAMED BENSTITI',NULL,NULL,NULL,13,28,0,0,'$2y$10$ECjhc4mPLYuftqDUcpOnu.R2i5u9f6wzFuBnhcIUvXWgqCB3Y6OE.'),('2021-05-05 12:48:02',0,439,'HICHAM CHELLOULI',NULL,NULL,NULL,13,28,0,0,'$2y$10$o5l31XwxxfrDnSHQf1uMneslcO0nES1CPESZ53oC5kmejFv9NLgJW'),('2021-05-05 12:48:02',0,440,'SAID BELKHEIRI',NULL,NULL,NULL,13,28,0,0,'$2y$10$rZ0ov5IRBoVcGDuoQkTRCuyQO72GsRFMzUAk64S7Bed0ShJB5Rl0S'),('2021-05-05 12:48:02',0,441,'RACHID BOUMDIL',NULL,NULL,NULL,13,28,0,0,'$2y$10$wB5U2qCZLJfsd/cpWd01U.8IuclP.XzBadnDhgTTvgTmjztp6Kgf6'),('2021-05-05 12:48:02',0,442,'ABDELHAFID SOULIMANI',NULL,NULL,NULL,13,28,0,0,'$2y$10$4CWm0BbYQMTyXQwaew9K5OhLYXFj1ixCjbjVxfE.rfiNfQMmGKBOW'),('2021-05-05 12:48:02',0,443,'ABDELKADER ZIANI',NULL,NULL,NULL,13,28,0,0,'$2y$10$SBn/QUAgr1veQV6LmPfXxOwWgiKTMSrV2TdLp9yZyFUgQJrZGMyii'),('2021-05-05 12:48:02',0,445,'AISSAM BERKHLI',NULL,NULL,NULL,13,28,0,0,'$2y$10$poo6CaGqXi3ZJ1s/cx/jNOYgMkVaRNz6ORBoKL3gmArwA8jOZyoLm'),('2021-05-05 12:48:02',0,446,'MOHAMMED JAALI',NULL,NULL,NULL,13,28,0,0,'$2y$10$ywVo7OlzRKJKynqjRNqTv.wQHIB5IusL3qmKaFFDI60Y2vEH94r1a'),('2021-05-05 12:48:03',0,447,'MOSTAFA FHAHIM',NULL,NULL,NULL,13,28,0,0,'$2y$10$guLjCsuUhd0UQRsbPH3xueEcKeGoN8Cuce5ftkXSVdia1099OhAuu'),('2021-05-05 12:48:03',0,450,'NISRINE LAMRABET',NULL,NULL,NULL,13,28,0,0,'$2y$10$vjeFmsytW99RcEpK0inH7O/fJfbVklx2WAtNkZ4XR6dNsj8DRHEbO'),('2021-05-05 12:48:03',0,451,'YOUSSEF LAGHMAM',NULL,NULL,NULL,13,28,0,0,'$2y$10$ogvzPXA0XvV1Y8/Hk4Ja/uszb9vzbW8ijxzMLpNOgTBMvIbaAvW9O'),('2021-04-17 23:35:37',1,454,'Karim AGHZAF','karim.aghzaf@radeeo.ma','141','0664811119',1,1,1,1,'$2y$10$eL2HtEFvFNKJJO2OTUUGoekNgWv7izFOULpvIGozNb5Ceq6cpvMCK'),('2021-07-05 10:33:35',0,455,'Zineb  EL RHAZZALI',NULL,NULL,NULL,13,28,0,0,'$2y$10$zzCqxM3Z5XpH3WbI11ravObK9qMhmQiS5QFlup6tuIe/6C9gXAQtm'),('2021-07-05 10:33:35',0,456,'Anass BAJA',NULL,NULL,NULL,13,28,0,0,'$2y$10$xVK4NYO7MXTLCR4SJyNaruDoHPAQYr/AYLJ5lLPUXUXJEjyXw1r1W'),('2021-07-05 10:33:35',0,457,'Tarik ZOUHRY',NULL,NULL,NULL,13,28,0,0,'$2y$10$9w.TVTlkNuQ/KGO.wcinsuOByHkod7ngG2xSnaVriWUJ43KgScCqO'),('2021-07-05 10:33:35',0,458,'El bekkay AYADI',NULL,NULL,NULL,13,28,0,0,'$2y$10$g2PcN.KjjTPIV2Kx/4S7pOWO/DHxBxRWpUy3xto17eD5LDYxY.2VK'),('2021-07-05 10:33:35',0,459,'Aziz HANTOUM',NULL,NULL,NULL,13,28,0,0,'$2y$10$RftkO1ZSRTl4jEco6RqoWuskXSROpHzGgRJWH7vZBUamxXbceHzWS'),('2021-07-05 10:33:35',0,460,'Azzeddine BELGAID',NULL,NULL,NULL,13,28,0,0,'$2y$10$lgMnpLL05XJJQIDVK36gJeylZZy1LtUWDBIibdNcN1VQOoVA1NrRi'),('2021-07-05 10:33:35',0,461,'Mohammed amine  OUAHJOUJOU',NULL,NULL,NULL,13,28,0,0,'$2y$10$1deA4i4qROBwALjwzJzwtOOoIsyCUDFeCwITd/DV1xGQr7oZJl0m2'),('2021-07-05 10:33:35',0,464,'Mohammed  SAIDI','','','',4,11,0,0,'$2y$10$zsb0c.zv1QHBXmvumBWHHuxV8lQI.GVoq4GNUMJqv6rOvjilv0Mu.'),('2021-07-05 10:33:35',0,465,'Abdelali SARGHINI',NULL,NULL,NULL,13,28,0,0,'$2y$10$M733ws1xBQzKc.x9yryHGupgrPOX/N10Pp2pB725gM.ZmR9hp8Zd.'),('2021-07-05 10:33:36',0,466,'Mohammed CHOUIKH',NULL,NULL,NULL,13,28,0,0,'$2y$10$g.NujDH6ypMsHaoPiHe1RuTsXcji9i/ETG4fUN3FltpHttjBvPdD6'),('2021-07-05 10:33:36',0,467,'Mustapha OUMA',NULL,NULL,NULL,13,28,0,0,'$2y$10$R8hZEUG/gPP3VNPkdiV7.uInf6Epm2e8smGbpUJkfXQl4RdpAe8MO'),('2021-07-05 10:33:36',0,468,'Mohamed HIKMAT',NULL,NULL,NULL,13,28,0,0,'$2y$10$fq4sKWhWK6J9o2z/IQM53u9GdU65zHeIXOh3p23MIXG6kvid/iwOS'),('2021-07-05 10:33:36',0,469,'Sanae jouhaina AMALLAH',NULL,NULL,NULL,13,28,0,0,'$2y$10$tKRpFODrKveRhAOGSxgGJO9jCw7cSEKAzagFcyXI14oK3EsWcgmlS'),('2021-07-05 10:33:36',0,470,'Mohammed BOUNANA',NULL,NULL,NULL,13,28,0,0,'$2y$10$poNV/p9tFezuXRjEB.3MtukF3uPSWK02ZLgKgJxpkhjX82WrFKmvm'),('2021-07-05 10:33:36',0,471,'Amine HABLAJE',NULL,NULL,NULL,13,28,0,0,'$2y$10$dyUKHf5FpThiE81It5.05.j9VJJfTaXfiQWeoyptHiPLY6zA8Fp06'),('2021-07-05 10:33:36',0,472,'Taha BENSALAH',NULL,NULL,NULL,13,28,0,0,'$2y$10$jYykT78abpcA12rAo75X0uyEFLcgk0T6Nn2aBFxtxWhISGJPlHX/2'),('2021-07-05 10:33:36',0,473,'Imane OUIJAN',NULL,NULL,NULL,13,28,0,0,'$2y$10$1ulTc9hB2LEYPnrPbkCwp..dvAe7Ik2/VJ38kmx6lxinZl4Rrg6We'),('2021-07-05 10:33:36',0,474,'Anass GRID',NULL,NULL,NULL,13,28,0,0,'$2y$10$tA.Nps5K8R/Hkx0b3EpNWO2jSlaiZRuw3jPMItz9qyuKVCSC6XeWy'),('2021-07-05 10:33:36',0,475,'Imane SALIB',NULL,NULL,NULL,13,28,0,0,'$2y$10$L3kRiGtZCzdvmZwYnmqOYOKYcw6LTfYUQnYfd36LJYiAP9eKHPaLO'),('2021-07-05 10:33:36',0,476,'Assma AJLI',NULL,NULL,NULL,13,28,0,0,'$2y$10$eIN0YSP5/TA82b0eQFiLWu5OYPhN61pPA1MLSoWK3lCI7ENWbm.Fe'),('2021-07-05 10:33:37',0,477,'Nasr-eddine MERBOUH',NULL,NULL,NULL,13,28,0,0,'$2y$10$Cbd1l.nZsL51LpjmDTHLWu3T42kOsMULVBsu/Wr4t8wYXsH3tapQK'),('2021-07-05 10:33:37',0,478,'Mohammed amine BEKKAL',NULL,NULL,NULL,13,28,0,0,'$2y$10$etetWlE2GF3AWEjbfA4Jy.ROnVLePCWug2meKG5ZAAo.tP.WS5qIe'),('2021-07-05 10:33:37',0,479,'El houcine BELKACEMI',NULL,NULL,NULL,13,28,0,0,'$2y$10$rZfFurXxp3pSmzvdtU8NU.5kOrW6iBkCTpIjcPGtVKuGyfUPLDN7q'),('2021-07-05 10:33:37',0,480,'El miloud HABACHI',NULL,NULL,NULL,13,28,0,0,'$2y$10$1HoW/DNkzB9Ay/cHsAj19.j..kgn8chrkfDr5ETxOafABc7axUvKi'),('2021-07-05 10:33:37',0,481,'Mohssine RAMZI',NULL,NULL,NULL,13,28,0,0,'$2y$10$ruGx8STv0LblhpKp/279J.zFKeRK6irLoz3WCtgbKFuFSwP.5vRjK'),('2021-07-05 10:33:37',0,482,'Said EDDIYANE',NULL,NULL,NULL,13,28,0,0,'$2y$10$AVM7ro2fSmFD9m6vNaxXCefRHBUtvHH.qRZ7ajm/FOk5yreNxr2IO'),('2021-07-05 10:33:37',0,483,'Taoufiq EL ALAMY',NULL,NULL,NULL,13,28,0,0,'$2y$10$h2YAQ.OfAsWHWhz9Kfgg7uO0sKeBj9fmlRTFFfyscI6E8QME64Wim'),('2021-07-05 10:33:37',0,484,'Rachid JOUDAR',NULL,NULL,NULL,13,28,0,0,'$2y$10$b5c6kxKwRee.UcDKLVsJcuZoyWruqYfK1.scDhvQ7WqKlJVyZnHxK'),('2021-07-05 10:33:37',0,485,'El bekkay BAHHADI',NULL,NULL,NULL,13,28,0,0,'$2y$10$zlye3ohXxXpz173Tb1kIC.8PFqF/Hg94poK.hu4KrbbiRnxo5jM2S'),('2021-07-05 10:33:37',0,486,'Soufyane MOHAMMADINA',NULL,NULL,NULL,13,28,0,0,'$2y$10$6VugGNuV19IwBZs.gTb8C.98ImY5FdXn0wQiHWLwm7Ul2.rgudpwq'),('2021-07-05 10:33:37',0,487,'Omar TAALAT',NULL,NULL,NULL,13,28,0,0,'$2y$10$YmKH0npu8FnH0SVbaOOSCuPnxF7W2m/5gYwhtnClcoLxEWCOaFj.e'),('2021-07-05 10:33:38',0,488,'Jalal MAASSEB',NULL,NULL,NULL,13,28,0,0,'$2y$10$4fFZDkPVKsvtJ/AC6azADOutUxQs8YcNLaeMQu2L/LVcuYYsR9x.W'),('2021-07-05 10:33:38',0,489,'Adil EL HIRI',NULL,NULL,NULL,13,28,0,0,'$2y$10$/gxJd8vmQ4aui8TthZD9sOVNA3EAC5mB72t/wFvhG4JGNhk.b3qa6'),('2021-07-05 10:33:38',0,490,'Saad-eddine ATTAKHI',NULL,NULL,NULL,13,28,0,0,'$2y$10$40ZcR1mmxM5mU5erZXUXHOslFsxHqVOM3mL2KceCmbx/leD/aOA6O'),('2021-07-05 10:33:38',0,491,'Mariam AJNADA ',NULL,NULL,NULL,13,28,0,0,'$2y$10$boD94dJD4En.19WovzhajePKTK2aVf8aDvfif2VYDhgzc.sAAHhhi'),('2021-04-17 23:35:37',1,492,'Soufiane LAMRANI','soufiane.lamrani@radeeo.ma','141',NULL,1,1,1,1,'$2y$10$3jHn7H20NuaLT6W.KjjgHO6VyzMkZfSWGp7l88npdb3PrRkM/VNRK'),('2021-07-05 10:33:38',0,493,'Fatima BELAIDI',NULL,NULL,NULL,13,28,0,0,'$2y$10$JnYBcT6kuWprJufeXKnZUOb/zEKGCEzzjRKgQoTEvzUU2jdrb80v2'),('2021-07-05 10:33:38',0,494,'Zakariae BAKH',NULL,NULL,NULL,13,28,0,0,'$2y$10$.svu36SCFZqEWguLPzMVX.UIBLeKXJZCu3alwOUGfEUkxnsBmGEda'),('2021-07-05 10:33:38',0,495,'Yahya EL GUEBLI ',NULL,NULL,NULL,13,28,0,0,'$2y$10$r22U9Z4xWngl5SLx4Vaj4u8xoToNHIkB6CCB8tWCy8oAaWfgCAR9q'),('2021-07-05 10:33:38',0,496,'Ouafae SAMMER',NULL,NULL,NULL,13,28,0,0,'$2y$10$v0kLC..riBOa/g5k/Tyz6O9jSjn3VSuK.BStSBRI.gj45eLpyU1aW'),('2021-07-05 10:33:38',0,497,'Fatima-zahra ABBADI',NULL,NULL,NULL,13,28,0,0,'$2y$10$bXjItdG1EzYEUWzU3E0Ud.NHgTDwfbnn4iXzZ85Ockpi9iKSDLEMG'),('2021-07-05 10:33:38',0,498,'Hatim ZIZAOUI',NULL,NULL,NULL,13,28,0,0,'$2y$10$heI.q.tzhY1RrtkdNGUvqeQJ9DBcJrWOI6n0aYR7vzDPotX0fkHMm'),('2021-07-05 10:33:39',0,499,'Amine EL HOUARI ',NULL,NULL,NULL,13,28,0,0,'$2y$10$JvkypZuJsuwwKuFUWkjwN.sPPcWQfyfjazRIPOyxcIz/HFq6MPwiG'),('2021-07-05 10:33:39',0,500,'Hajar RGUIBI',NULL,NULL,NULL,13,28,0,0,'$2y$10$yK3TvxTwW..lTddt9HCI7uXDsyVXlULqVoQtfgn1x4nnjv8lIVvJO'),('2021-07-05 10:33:39',0,501,'Ikram MIMOUNI','ikram.mimouni@radeeo.ma',NULL,NULL,1,9,0,0,'$2y$10$sNNuj3rTvAb6kFg0Bm7Yku/w56AvH1tdriqX9dH.y6ER.G6Vd5RyW'),('2021-07-05 10:33:39',0,502,'Ahmed EL QADMI',NULL,NULL,NULL,13,28,0,0,'$2y$10$wPI1uVUflU746nrO8ICda.wgbfMXbB7d/4Ogm6A8wA2zAkU3SsC4m'),('2021-07-05 10:33:39',0,503,'Mohammed SOULIMANI ',NULL,NULL,NULL,13,28,0,0,'$2y$10$.EGbDinNEefn2DPLs4vn9OdH7ofuHTUUaMyN7OyRzW7ZbVc6netZC'),('2021-07-05 10:33:39',0,504,'Mohammed BENATAYA ',NULL,NULL,NULL,13,28,0,0,'$2y$10$2Zphi1AOarqo6wXyxBJ54Olhs02F2CxPhgZDLqYVfq.SCQ0TLJ9Gi'),('2021-07-05 10:33:39',0,505,'Laila HAMMOUTEN',NULL,NULL,NULL,13,28,0,0,'$2y$10$lncqaQ42G.LOS2LIGJxX.uJgdlXUZ5T621d3NBuH6emOsuX8xsoSS'),('2021-07-05 10:33:39',0,506,'Ahmed ZERROUKI',NULL,NULL,NULL,13,28,0,0,'$2y$10$LSZlDVO9bmiZ/osVO/xs6eGGBv0frhA/c41UxMOCjBr.sGX/ODrEy'),('2021-07-05 10:33:39',0,507,'Omar KABBOURI',NULL,NULL,NULL,13,28,0,0,'$2y$10$9GNOrk5OobjclZcFrxTzteVcYCdplQiuerLoSQapnRDO6INr1mdmq'),('2021-07-05 10:33:39',0,508,'Mustapha ARDIF',NULL,NULL,NULL,13,28,0,0,'$2y$10$Vl97Wg5dj1OA/8oiZ60.SOl.SKCo44sj5oGP4NN.s3yKPKi2h6Nba'),('2021-07-05 10:33:39',0,509,'Hicham ISSOUMMER ',NULL,NULL,NULL,13,28,0,0,'$2y$10$N4aLsuqzTIYdT4kHR5.Q0.VlDUEvqcDh03df23FXLCup34QQeTu3y'),('2021-07-05 10:33:40',0,510,'Abdelkarim BAHHADI ',NULL,NULL,NULL,13,28,0,0,'$2y$10$LLlhLVhYw4nhskpAndXGOu/R2Ks8G3QKmVqI83W0.lummpWROaixe'),('2021-07-05 10:33:40',0,511,'SIHAM NAJMI',NULL,NULL,NULL,13,28,0,0,'$2y$10$O1CmX0vLzJDaZH/XbVYN9e8010BoPUSSFrdk9wQIPyhrJH7F4/Upe'),('2021-07-05 10:33:40',0,512,'OTHMANE OUAZZANI TAIBI',NULL,NULL,NULL,13,28,0,0,'$2y$10$1b4AJf3bxN5JyOAh7YvWEOu5WCnTaFfdTCgYRtSodYhGjdfZ5CDNe'),('2021-07-05 10:33:40',0,513,'YASSINE HAKMI',NULL,NULL,NULL,13,28,0,0,'$2y$10$g0orbJhnS7ygP1np.qL5F.dXjFSwz2J.36aOn5XLgv/l3jt1rzMaK'),('2021-07-05 10:33:40',0,514,'HAYTAM RBII',NULL,NULL,NULL,13,28,0,0,'$2y$10$65C5obwGcRBk5mJftemINeWToxSqIzlF.hrVMi5JsAZrpjrx7NyvO'),('2021-07-05 10:33:40',0,515,'HAFSA  MEJHOUDI',NULL,NULL,NULL,13,28,0,0,'$2y$10$nrhlf40aDy47KkXOL4VWw.iR4RRwZz82cWi0p.F99JLdKLh2bD/hS'),('2021-07-05 10:33:40',0,516,'KHALED  MOUFAKKIR',NULL,NULL,NULL,13,28,0,0,'$2y$10$lXFgljyokkur0l8LDQ.B1OGCTTjepsWp9DdCptMZRUoZbI0kQuOPu'),('2021-07-05 10:33:40',0,517,'SALIMA  EL ATMANI',NULL,NULL,NULL,13,28,0,0,'$2y$10$Sr2yCCAkFrtDSHClUwK2J.J3eA3g8kfRjZugwNEfSevKyRyVOH8qW'),('2021-07-05 10:33:40',0,518,'ITAB  JBILOU',NULL,NULL,NULL,13,28,0,0,'$2y$10$T/s2xWsmueqxTO5mw6HPB.flBD.9l.hSoQyS9Y9quasuMxW9x3kzy'),('2021-07-05 10:33:40',0,519,'HAMZA  HEBBOUR',NULL,NULL,NULL,13,28,0,0,'$2y$10$2OPzFcTe7lTNlV/7Cw3.d.EgnaNwQld3RbXV3eUnH.wVOOb7Eqsvq'),('2021-07-05 10:33:40',0,520,'MOUHCINE  MAHJOUBI',NULL,NULL,NULL,13,28,0,0,'$2y$10$deoH4.CFPm065optEmozteNT1GnjN/xYPo0NdOIrs9k7qIt9ezT86'),('2021-07-05 10:33:41',0,521,'MOHAMMED ALLA',NULL,NULL,NULL,13,28,0,0,'$2y$10$jdcxugXWMYq4h9a.zIIX5ezEwh0N6SdR5s.XEPk6U.LQesKWjAXBu'),('2021-07-05 10:33:41',0,522,'OUALID  BOUKHLOUF',NULL,NULL,NULL,13,28,0,0,'$2y$10$/jFWPY0cO8186h9ARrJzyuFIbirlwiiaZIICme8H2HzXPLHQD71s6'),('2021-07-05 10:33:41',0,523,'AHMED  BELAIDI',NULL,NULL,NULL,13,28,0,0,'$2y$10$NaaArcne3qqdKSQ46Idcw.QPC/fl7LJvvneAdmbSdpzM4.m122SS6'),('2021-07-05 10:33:41',0,524,'FATIMA ZAHRA  MOUSTARHAT',NULL,NULL,NULL,13,28,0,0,'$2y$10$W/QX7CJ2LjZsvARHAVXDY.tFC1lPBwCtJWc3xOultxwEUG./TTqoq'),('2021-07-05 10:33:41',0,525,'HICHAM  QERRACH',NULL,NULL,NULL,13,28,0,0,'$2y$10$r79qbslLLsJoG1ujs.uk7uVkA4Q/btVFlAYs1B/tCwlXEVniqH4Cy'),('2021-07-05 10:33:41',0,526,'MOULAY ABDELHAKIM  BAHABIBI',NULL,NULL,NULL,13,28,0,0,'$2y$10$mOvNNDR/2XhPanaUrfpO7eYeMjXkQw0Uthe1m/81iyrIAK2elbH8q'),('2021-07-05 10:33:41',0,527,'OMAR  KETTOUYI',NULL,NULL,NULL,13,28,0,0,'$2y$10$3HPYTZeLhXhOLlLHdPFDT.NIo.Poys31Qs/Y2sSf5jvK5PeLsKwp.'),('2021-07-05 10:33:41',0,528,'NOUREDDINE  CHANI',NULL,NULL,NULL,13,28,0,0,'$2y$10$qBBZh0d1F.OxHx7vySS7L.x3L.nZ62IHmDdB4CEmomBEa.l/9./S.'),('2021-05-05 12:48:03',0,638,'FATIMA ZAHRA NEZZAGHI',NULL,NULL,NULL,13,28,0,0,'$2y$10$a5TGJ/PWEmIqbzbvvbawcu4BZglFwEeVH5MwALtd31jsfJs1Y75G2'),('2021-05-05 12:48:03',0,1126,'LOTFI BERRIAH',NULL,NULL,NULL,13,28,0,0,'$2y$10$2.5fhygL6yV6Dzfns3xEme07esh637hiLvV1BofxM7QaDSyBrJkm.'),('2021-07-05 10:33:41',0,1159,'Safae AMARTI RIFFI',NULL,NULL,NULL,13,28,0,0,'$2y$10$pgeDsdE2pjVqfKGarn.YMepxy6L.HJEiQGQIkeej/t457tmYeWDD6'),('2021-04-17 23:35:37',1,1418,'Yassine BAKHTAOUI','yassine.bakhtaoui@radeeo.ma','171','',1,1,1,1,'$2y$10$4/kitcX/XOUkbQc7GCXOzuqqBw8SWL0zPB506ZTNGLWeUFxaa1kuS'),('2021-05-05 12:48:03',0,1617,'MOUNIR BELAOUCHI',NULL,NULL,NULL,13,28,0,0,'$2y$10$M639OwiLj3oY45HiNAbfie44QWoGtbsPemmB46HihcW752jCYb16e'),('2021-07-06 08:26:51',0,2112,'Loubna Benkassou','','','',1,3,0,0,'$2y$10$B/Fq1PB//xC/4I.WXiYdzeoYIHLBkkcUhAXNc/yF.HVC55c2qfHCq'),('2021-05-05 12:48:03',0,2826,'ABDELOUAHAD MOUSSA',NULL,NULL,NULL,13,28,0,0,'$2y$10$8iJ7zXo7.OA7.fwtg2BwGOt3KsX7INSOiT4hjUD7tQgRpfyMgnlre'),('2021-05-05 12:48:03',0,2908,'YAMINA MOUMNI',NULL,NULL,NULL,13,28,0,0,'$2y$10$WYELz.tkGusVFRwc.Qxd9uPjsuywDWrF38jxBBgJ47FlCiFrCmqKq'),('2021-08-12 11:32:08',0,40515,'ahmed khalil el basri','amine@gmail.Com',NULL,NULL,1,1,0,0,NULL);
/*!40000 ALTER TABLE `agents` ENABLE KEYS */;
UNLOCK TABLES;

--
-- Table structure for table `designation`
--

DROP TABLE IF EXISTS `designation`;
/*!40101 SET @saved_cs_client     = @@character_set_client */;
/*!50503 SET character_set_client = utf8mb4 */;
CREATE TABLE `designation` (
  `idDesignation` int NOT NULL AUTO_INCREMENT,
  `designation` varchar(45) DEFAULT NULL,
  `idtype` int DEFAULT NULL,
  PRIMARY KEY (`idDesignation`),
  KEY `idtype_idx` (`idtype`) /*!80000 INVISIBLE */,
  CONSTRAINT `idtype` FOREIGN KEY (`idtype`) REFERENCES `typemateriel` (`id`)
) ENGINE=InnoDB AUTO_INCREMENT=5 DEFAULT CHARSET=utf8mb3;
/*!40101 SET character_set_client = @saved_cs_client */;

--
-- Dumping data for table `designation`
--

LOCK TABLES `designation` WRITE;
/*!40000 ALTER TABLE `designation` DISABLE KEYS */;
INSERT INTO `designation` VALUES (1,'Lenovo g580',3),(2,'hp p1102',5),(4,'hp sourie',2);
/*!40000 ALTER TABLE `designation` ENABLE KEYS */;
UNLOCK TABLES;

--
-- Table structure for table `fournisseur`
--

DROP TABLE IF EXISTS `fournisseur`;
/*!40101 SET @saved_cs_client     = @@character_set_client */;
/*!50503 SET character_set_client = utf8mb4 */;
CREATE TABLE `fournisseur` (
  `idFournisseur` int NOT NULL AUTO_INCREMENT,
  `NomFournisseur` varchar(45) NOT NULL,
  PRIMARY KEY (`idFournisseur`)
) ENGINE=InnoDB AUTO_INCREMENT=5 DEFAULT CHARSET=utf8mb3;
/*!40101 SET character_set_client = @saved_cs_client */;

--
-- Dumping data for table `fournisseur`
--

LOCK TABLES `fournisseur` WRITE;
/*!40000 ALTER TABLE `fournisseur` DISABLE KEYS */;
INSERT INTO `fournisseur` VALUES (1,'AXELI'),(2,'Near Secure');
/*!40000 ALTER TABLE `fournisseur` ENABLE KEYS */;
UNLOCK TABLES;

--
-- Table structure for table `materiel`
--

DROP TABLE IF EXISTS `materiel`;
/*!40101 SET @saved_cs_client     = @@character_set_client */;
/*!50503 SET character_set_client = utf8mb4 */;
CREATE TABLE `materiel` (
  `idmateriel` int NOT NULL AUTO_INCREMENT,
  `iddesignation` int NOT NULL,
  `numeroinventaire` varchar(90) DEFAULT NULL,
  `garentie` varchar(45) DEFAULT NULL,
  `datereceptionprovisoire` date DEFAULT NULL,
  `IDFournisseur` int DEFAULT NULL,
  `Affecter` bit(1) DEFAULT b'0',
  `datesaisie` date DEFAULT NULL,
  `idtype` int DEFAULT NULL,
  `idagence` int DEFAULT NULL,
  `mleagent` int DEFAULT NULL,
  `idservice` int DEFAULT NULL,
  PRIMARY KEY (`idmateriel`),
  KEY `fk_agenceid_idx` (`idagence`),
  KEY `fk_typeid_idx` (`idtype`),
  KEY `fk_agentid_idx` (`mleagent`),
  KEY `fk_idfournisseur_idx` (`IDFournisseur`),
  KEY `idservice` (`idservice`),
  KEY `iddesignation_FK` (`iddesignation`),
  CONSTRAINT `fk_agenceid` FOREIGN KEY (`idagence`) REFERENCES `agencies` (`id`),
  CONSTRAINT `fk_agentid` FOREIGN KEY (`mleagent`) REFERENCES `agents` (`agent_number`),
  CONSTRAINT `fk_idfournisseur` FOREIGN KEY (`IDFournisseur`) REFERENCES `fournisseur` (`idFournisseur`),
  CONSTRAINT `fk_typeid` FOREIGN KEY (`idtype`) REFERENCES `typemateriel` (`id`),
  CONSTRAINT `iddesignation_FK` FOREIGN KEY (`iddesignation`) REFERENCES `designation` (`idDesignation`),
  CONSTRAINT `materiel_ibfk_1` FOREIGN KEY (`idservice`) REFERENCES `services` (`id`)
) ENGINE=InnoDB AUTO_INCREMENT=40 DEFAULT CHARSET=utf8mb3;
/*!40101 SET character_set_client = @saved_cs_client */;

--
-- Dumping data for table `materiel`
--

LOCK TABLES `materiel` WRITE;
/*!40000 ALTER TABLE `materiel` DISABLE KEYS */;
INSERT INTO `materiel` VALUES (21,1,'MO407','1','2021-08-04',1,_binary '\0','2021-08-04',3,NULL,NULL,NULL),(39,4,'','1','2021-08-12',1,_binary '\0','2021-08-12',2,NULL,NULL,NULL);
/*!40000 ALTER TABLE `materiel` ENABLE KEYS */;
UNLOCK TABLES;

--
-- Table structure for table `services`
--

DROP TABLE IF EXISTS `services`;
/*!40101 SET @saved_cs_client     = @@character_set_client */;
/*!50503 SET character_set_client = utf8mb4 */;
CREATE TABLE `services` (
  `id` int NOT NULL AUTO_INCREMENT,
  `service_name` varchar(50) NOT NULL,
  PRIMARY KEY (`id`)
) ENGINE=InnoDB AUTO_INCREMENT=34 DEFAULT CHARSET=utf8mb3;
/*!40101 SET character_set_client = @saved_cs_client */;

--
-- Dumping data for table `services`
--

LOCK TABLES `services` WRITE;
/*!40000 ALTER TABLE `services` DISABLE KEYS */;
INSERT INTO `services` VALUES (1,'Sytème d\'information'),(2,'Comptable et financier'),(3,'Gestion des ressources humaines'),(4,'Audit et contrôle interne'),(5,'Contrôle de gestion'),(6,'Qualité, sécurité et environnement'),(7,'Achats et logistique'),(8,'juridique'),(9,'Facturation'),(10,'Recouvrement'),(11,'Développement clientèle'),(12,'Communication'),(13,'Ingénierie'),(14,'SIG et patrimoine'),(15,'Grands travaux'),(16,'Equipment en réseaux'),(17,'Exploitation réseau eau potable'),(18,'Exploitation réseau assainissement liquide'),(19,'Amélioration rendement réseau eau potable'),(20,'Production eau potable'),(21,'Dépollution et grands ouvrages'),(22,'Le directeur géneral'),(23,'Secrétariat de direction'),(24,'Division support'),(25,'Division exploitation'),(26,'Division clientèle'),(27,'Division Ingénierie et investissements'),(28,'Autre');
/*!40000 ALTER TABLE `services` ENABLE KEYS */;
UNLOCK TABLES;

--
-- Table structure for table `typemateriel`
--

DROP TABLE IF EXISTS `typemateriel`;
/*!40101 SET @saved_cs_client     = @@character_set_client */;
/*!50503 SET character_set_client = utf8mb4 */;
CREATE TABLE `typemateriel` (
  `id` int NOT NULL AUTO_INCREMENT,
  `type` varchar(200) NOT NULL,
  `inventoryornot` bit(1) NOT NULL,
  PRIMARY KEY (`id`)
) ENGINE=InnoDB AUTO_INCREMENT=6 DEFAULT CHARSET=utf8mb3;
/*!40101 SET character_set_client = @saved_cs_client */;

--
-- Dumping data for table `typemateriel`
--

LOCK TABLES `typemateriel` WRITE;
/*!40000 ALTER TABLE `typemateriel` DISABLE KEYS */;
INSERT INTO `typemateriel` VALUES (1,'Clavier',_binary '\0'),(2,'Sourie',_binary '\0'),(3,'Micro-Ordinateur',_binary ''),(5,'Imprimante',_binary '');
/*!40000 ALTER TABLE `typemateriel` ENABLE KEYS */;
UNLOCK TABLES;

--
-- Dumping events for database 'db_gestion_stock'
--

--
-- Dumping routines for database 'db_gestion_stock'
--
/*!40103 SET TIME_ZONE=@OLD_TIME_ZONE */;

/*!40101 SET SQL_MODE=@OLD_SQL_MODE */;
/*!40014 SET FOREIGN_KEY_CHECKS=@OLD_FOREIGN_KEY_CHECKS */;
/*!40014 SET UNIQUE_CHECKS=@OLD_UNIQUE_CHECKS */;
/*!40101 SET CHARACTER_SET_CLIENT=@OLD_CHARACTER_SET_CLIENT */;
/*!40101 SET CHARACTER_SET_RESULTS=@OLD_CHARACTER_SET_RESULTS */;
/*!40101 SET COLLATION_CONNECTION=@OLD_COLLATION_CONNECTION */;
/*!40111 SET SQL_NOTES=@OLD_SQL_NOTES */;

-- Dump completed on 2021-08-13 16:13:20
