CREATE DATABASE  IF NOT EXISTS `gestion_stock` /*!40100 DEFAULT CHARACTER SET utf8mb4 COLLATE utf8mb4_0900_ai_ci */ /*!80016 DEFAULT ENCRYPTION='N' */;
USE `gestion_stock`;
-- MySQL dump 10.13  Distrib 8.0.25, for Win64 (x86_64)
--
-- Host: 127.0.0.1    Database: gestion_stock
-- ------------------------------------------------------
-- Server version	8.0.25

/*!40101 SET @OLD_CHARACTER_SET_CLIENT=@@CHARACTER_SET_CLIENT */;
/*!40101 SET @OLD_CHARACTER_SET_RESULTS=@@CHARACTER_SET_RESULTS */;
/*!40101 SET @OLD_COLLATION_CONNECTION=@@COLLATION_CONNECTION */;
/*!50503 SET NAMES utf8 */;
/*!40103 SET @OLD_TIME_ZONE=@@TIME_ZONE */;
/*!40103 SET TIME_ZONE='+00:00' */;
/*!40014 SET @OLD_UNIQUE_CHECKS=@@UNIQUE_CHECKS, UNIQUE_CHECKS=0 */;
/*!40014 SET @OLD_FOREIGN_KEY_CHECKS=@@FOREIGN_KEY_CHECKS, FOREIGN_KEY_CHECKS=0 */;
/*!40101 SET @OLD_SQL_MODE=@@SQL_MODE, SQL_MODE='NO_AUTO_VALUE_ON_ZERO' */;
/*!40111 SET @OLD_SQL_NOTES=@@SQL_NOTES, SQL_NOTES=0 */;

--
-- Table structure for table `admin`
--

DROP TABLE IF EXISTS `admin`;
/*!40101 SET @saved_cs_client     = @@character_set_client */;
/*!50503 SET character_set_client = utf8mb4 */;
CREATE TABLE `admin` (
  `Mle` int NOT NULL,
  `nom` varchar(405) DEFAULT NULL,
  `password` varchar(400) DEFAULT NULL,
  PRIMARY KEY (`Mle`)
) ENGINE=InnoDB DEFAULT CHARSET=utf8mb3;
/*!40101 SET character_set_client = @saved_cs_client */;

--
-- Dumping data for table `admin`
--

LOCK TABLES `admin` WRITE;
/*!40000 ALTER TABLE `admin` DISABLE KEYS */;
INSERT INTO `admin` VALUES (407,'AHMED KHALIL EL BASRI','$2a$10$7f1l/JLyse1lztSlux2suOrYyuhdQmTvBdA8F6YF1pmMiX6KX/dNa'),(428,'Zouhair BOUALAOUI','$2a$10$C1yQzPx4e4Z9jArdeHfRF.0hCxhsbVbmApVX7yqsWpRksaqp4Nxqq'),(1427,'YASSINE BAKHTAOUI','$2a$10$AQ6MHNrw.64pGO8UjQ5K1.1slUWoSGv0IkuEaEhln.yQpYPjcxEeS');
/*!40000 ALTER TABLE `admin` ENABLE KEYS */;
UNLOCK TABLES;

--
-- Table structure for table `agencies`
--

DROP TABLE IF EXISTS `agencies`;
/*!40101 SET @saved_cs_client     = @@character_set_client */;
/*!50503 SET character_set_client = utf8mb4 */;
CREATE TABLE `agencies` (
  `id` int NOT NULL AUTO_INCREMENT,
  `agency_name` varchar(20) NOT NULL,
  PRIMARY KEY (`id`)
) ENGINE=InnoDB AUTO_INCREMENT=15 DEFAULT CHARSET=utf8mb3;
/*!40101 SET character_set_client = @saved_cs_client */;

--
-- Dumping data for table `agencies`
--

LOCK TABLES `agencies` WRITE;
/*!40000 ALTER TABLE `agencies` DISABLE KEYS */;
INSERT INTO `agencies` VALUES (1,'Siège'),(2,'Tanmia'),(3,'Derfoufi'),(4,'Lazaret'),(5,'Melhaoui'),(6,'Alamal'),(7,'Belkhdar'),(8,'Sidi Driss'),(9,'Sidi Yahya'),(10,'Stade d\'honneur'),(11,'Route Taza'),(12,'Laboratoire'),(13,'Autre');
/*!40000 ALTER TABLE `agencies` ENABLE KEYS */;
UNLOCK TABLES;

--
-- Table structure for table `agents`
--

DROP TABLE IF EXISTS `agents`;
/*!40101 SET @saved_cs_client     = @@character_set_client */;
/*!50503 SET character_set_client = utf8mb4 */;
CREATE TABLE `agents` (
  `creation_time` datetime NOT NULL DEFAULT CURRENT_TIMESTAMP,
  `is_admin` int NOT NULL DEFAULT '0',
  `agent_number` int NOT NULL,
  `agent_full_name` varchar(30) NOT NULL,
  `agent_email` varchar(40) DEFAULT NULL,
  `agent_phone` varchar(3) DEFAULT NULL,
  `agent_mobile` varchar(10) DEFAULT NULL,
  `agency_id` int NOT NULL DEFAULT '13',
  `service_id` int NOT NULL DEFAULT '28',
  `password_changed` int DEFAULT '0',
  `info_filled` int NOT NULL DEFAULT '0',
  `agent_password` varchar(255) DEFAULT NULL,
  PRIMARY KEY (`agent_number`),
  UNIQUE KEY `agent_number` (`agent_number`),
  KEY `agents_agent_agency` (`agency_id`),
  CONSTRAINT `agency_fk` FOREIGN KEY (`agency_id`) REFERENCES `agencies` (`id`)
) ENGINE=InnoDB DEFAULT CHARSET=utf8mb3;
/*!40101 SET character_set_client = @saved_cs_client */;

--
-- Dumping data for table `agents`
--

LOCK TABLES `agents` WRITE;
/*!40000 ALTER TABLE `agents` DISABLE KEYS */;
INSERT INTO `agents` VALUES ('2021-05-05 12:47:39',0,108,'SAID BENHAMOUCHT',NULL,NULL,NULL,13,28,0,0,'$2y$10$ZDiHj/tkpx5rYE.ahMxzBOO322/TW7NXco8Aab0LNaFVQAjZFJNGa'),('2021-05-05 12:47:39',0,109,'ABDELHAMID BEKKAL','','','',1,7,0,0,'$2y$10$ceRURuVIfAR9Z852Cq00j.NnZP/0UyOS38klK1sM5H1PRI4FUFpZq'),('2021-05-05 12:47:40',0,113,'ABDERRAHMANE EL AJROUDI',NULL,NULL,NULL,13,28,0,0,'$2y$10$ARQC3mdMh9XrOf3IE9EfFuprq21tLSJ/u51ejVHBipIPqEqKfEeDW'),('2021-05-05 12:47:40',0,120,'ABDENNACEUR QODAD',NULL,NULL,NULL,13,28,0,0,'$2y$10$muBqFR7fOLqIp9x68L2DN.nsUrZ74pCuw34MCTGxxTKwIN5hyl172'),('2021-05-05 12:47:40',0,121,'ABDELKADER SALHI',NULL,NULL,NULL,13,28,0,0,'$2y$10$XXAw0kwEixlxSYF7EYsSPOmS3v3fr2eU6DdGUMGRY9R/82RyR8BKu'),('2021-05-05 12:47:40',0,124,'MOHAMMED EL ABBADI',NULL,NULL,NULL,13,28,0,0,'$2y$10$Kp7hBkBAoKirg.aBW1mg0utlT8fCE.9JgnT5P6DdnZ3axViD1LtbS'),('2021-05-05 12:47:40',0,126,'ABDELHAK EL OUALI','ABDELHAK.ELOUALI@radeeo.ma',NULL,NULL,4,122,0,0,'$2y$10$Oab9kjReKacg2cToauASbexyX5Cy9ZaBbORruPb3f84AZCwN8BYjy'),('2021-05-05 12:47:40',0,132,'MOHAMMED  TAHA ECH CHATOUANI','MOHAMMEDTAHA.ECHCHATOUANI@radeeo.ma','','',1,27,0,0,'$2y$10$iv/JdUY0trQldJBOTCSXa.tehnAWHW/UATPg0EF1beS03LhahyPjC'),('2021-05-05 12:47:41',0,139,'AZZEDDINE EL HASSANI',NULL,NULL,NULL,13,28,0,0,'$2y$10$CpnvadQP8gyjeZhmzlSQ4OM5zACOe72bor8fMvt0jFMMLoaEin9BO'),('2021-05-05 12:47:41',0,142,'BELKACEM CHARBIL','','','',1,2,0,0,'$2y$10$LmuFX8PyXZlLJDop2R5ww.KMDWRsd/PZT2VpCS.MT8uF8gr7O0nf.'),('2021-05-05 12:47:41',0,144,'DRISS MOKHTARI',NULL,NULL,NULL,13,28,0,0,'$2y$10$J/FDJOx525zC/3dogBptA.1GicO.7QaKFgmczgyOxM.RSK1qPLGUO'),('2021-05-05 12:47:41',0,145,'MOHAMMED ECH CHAIKHI','MOHAMMED.ECHCHAIKHI@radeeo.ma','','',1,23,0,0,'$2y$10$/6A.60HLiDjm5kqdeS.5fON7IAodQhF6rKgKdTeyjVVkaomcMtopi'),('2021-05-05 12:47:41',0,147,'MOHAMMED BOULAL',NULL,NULL,NULL,13,28,0,0,'$2y$10$MvV8o/cQNceCu6i15yo3.uHhwizhdWBkQw/rE6Z/tw1zoJyeLXSmu'),('2021-05-05 12:47:41',0,148,'NAJAT BASBAS',NULL,NULL,NULL,13,28,0,0,'$2y$10$dIMxmenEg.aHpL2X1cc9s.A6xhhxA.6dEgU031QETQjZBAZ8uKbGK'),('2021-05-05 12:47:41',0,150,'HAYAT BOUKHATEM','','','',2,11,0,0,'$2y$10$rzPUelFqgpEYa8A.y9bAYuQfDbSkrHNDhZEYMs.hps4VEj5DLI75m'),('2021-05-05 12:47:41',0,152,'MOHAMMED MOUADDINE',NULL,NULL,NULL,13,28,0,0,'$2y$10$8baqQU9vfW0JeKvGQru0zubN45mU61swHUu2GSHVM0zxnG/x6icNu'),('2021-05-05 12:47:41',0,154,'EL HASSANE GHZILI',NULL,NULL,NULL,13,28,0,0,'$2y$10$m8uTS9jNAfUdy6tKADvfeegkzYlZAyA/8V3ts/xmSKsSEhCtkwBJa'),('2021-05-05 12:47:42',0,155,'MOSTAFA MBARKI',NULL,NULL,NULL,13,28,0,0,'$2y$10$XZrU.35mzZ3mM9fgq4Nmh.PeJA9RhRJIaX/X7DlIGRltj5lBINoT2'),('2021-05-05 12:47:42',0,156,'MOURAD LFARH','','','',1,9,0,0,'$2y$10$HDxlcQpe6zqqSXSXx2EF3..dwILu4zlNzFUkaGQjNAehwOIsakaZu'),('2021-05-05 12:47:42',0,157,'EL HASSANE JOUDAR',NULL,NULL,NULL,13,28,0,0,'$2y$10$QRgicH1KSQIpVwZw6S8qG.B9fts2ZDXR6kV6L9GWJ..vxKathTMS2'),('2021-05-05 12:47:42',0,158,'HASSAN SAADAOUI',NULL,NULL,NULL,13,28,0,0,'$2y$10$kYkvw1jac6faWffIsYg1y.gmLhV6.JqUihXUEEAdkbeyASW8aYxt2'),('2021-05-05 12:47:42',0,161,'NOUREDDINE FERNA',NULL,NULL,NULL,13,28,0,0,'$2y$10$i6klgyphhufmk9pboG.2Y.KD4IKTktXCaBAc4565QEK98wXUJ.DKq'),('2021-05-05 12:47:42',0,163,'EL HOUCINE ATIF',NULL,NULL,NULL,13,28,0,0,'$2y$10$z/AR/zVtlm/OEtxjYtj8IOMCq0pWDpxNCERu9uywjJnb8TSDMfwEe'),('2021-05-05 12:47:42',0,167,'DRISS BOURAS',NULL,NULL,NULL,13,28,0,0,'$2y$10$I498DfklFeXQDNUzfgWPyeEGGxKq1yU87XbGjOtbqTuVSlqtvisHi'),('2021-05-05 12:47:42',0,169,'EL ALAMINE MARZOUKI',NULL,NULL,NULL,13,28,0,0,'$2y$10$duyThE9qybWm/q32AX.30.gQ3V4fDb4TiSPcEatDq4Iw3KKW7tP/u'),('2021-05-05 12:47:42',0,177,'MOSTAFA RHEDHBANE',NULL,NULL,NULL,13,28,0,0,'$2y$10$gufh3zNIWI3IirCP41s5zOIDJJlb732oy9fo5J0cfCbtmVmJUIbxi'),('2021-05-05 12:47:43',0,180,'EL KHATIR KASMI',NULL,NULL,NULL,13,28,0,0,'$2y$10$Z7Yhpw8N5Tl/rOqIDtScKOoCQ9dlkmS0/CRNxQm70VfxujIsS7t7a'),('2021-05-05 12:47:43',0,183,'YOUSSEF EL YAZIDI','','','',1,14,0,0,'$2y$10$CH0jyO7OeCkvxx.wwrQXrOqT.N8LL8amCWNTi5YM0q3XNhdDiDiMK'),('2021-05-05 12:47:43',0,185,'NAJIB SAMAH',NULL,NULL,NULL,13,28,0,0,'$2y$10$.Lau8VyNvGIckcCjUhNML.b83UMrx.tGFFQth0mtLcLy/5tpuoldO'),('2021-05-05 12:47:43',0,186,'MOSTAFA MOHAMMED ZOUGAGH',NULL,NULL,NULL,13,28,0,0,'$2y$10$QrhZ9CIJZDjHBjqCJ4PpZOtS2fl2MZL4INCDegjJD22Z4edaQg6ZG'),('2021-05-05 12:47:43',0,188,'BENYOUNES BOUABDELLAH',NULL,NULL,NULL,13,28,0,0,'$2y$10$J9mwOJZS6MwTkWO4NSdfNO4wofV/SKUJnbQgOw4.GVUYgvTN8LSa2'),('2021-05-05 12:47:43',0,189,'EL HOUSSINE BOULAL',NULL,NULL,NULL,13,28,0,0,'$2y$10$b6bc7Zoch5B3m55TVFQUYehnF.Xz3fkkhE2jxx1pfS3uM1HG7xr8S'),('2021-04-17 23:35:37',1,190,'Jamal ELMIR','jamal.elmir@radeeo.ma','144','',1,1,1,1,'$2y$10$N9pOz4bPkq91Wv6caiPTUuOGrp51BLxHYeNTZUo61OSq2.UiUcu2W'),('2021-05-05 12:47:43',0,191,'KAMAL ER RAFAS','','','',1,2,0,0,'$2y$10$QWrgt5LbFDu67Aq0aYd7Y.h.nAOVgpKXBKiQ/XThvcvv.3/kCeg.W'),('2021-05-05 12:47:43',0,192,'YAHYA KASMI',NULL,NULL,NULL,13,28,0,0,'$2y$10$pRRfBn7aVKREptmo9lq.6uU/SFH/f/eevIWK1lIqjbY1BU/oedSga'),('2021-05-05 12:47:43',0,193,'ABDALLAH MAABDA',NULL,NULL,NULL,13,28,0,0,'$2y$10$KC8xXkjuRNNaV/c3DARSye8mtqJmn8e8KjO2nE4/tRslZlCV6bLj.'),('2021-05-05 12:47:43',0,195,'NAJAT MOUSSAOUI','','','',1,2,0,0,'$2y$10$Gk9WqGRcfyw8/Ifnoxxql.K88aNoHEvHbMFhrRIFB0IXmor266cly'),('2021-05-05 12:47:44',0,196,'ABDELGHANI MHAMDI','ABDELGHANI.MHAMDI@radeeo.ma','','',1,6,0,0,'$2y$10$zWu3Uy4E63iJw3hnEbnINuGy3S2Cl8Po8og6z/w7BMhYPKraVdkXa'),('2021-05-05 12:47:44',0,197,'ALI SAJED',NULL,NULL,NULL,13,28,0,0,'$2y$10$Td/WKsGLIJsU9iDj1W.ygOlYNQARc.yhHKWevZVks6bgUgsj1z9xS'),('2021-05-05 12:47:44',0,198,'MOUNA EL EULDJ',NULL,NULL,NULL,13,28,0,0,'$2y$10$wAIt9fYiTb//Rx37NjdYMuFHn8RsESiiMCY1hs0bX4kNHbyTDW2AW'),('2021-05-05 12:47:44',0,199,'HASSANE ABBAOUY',NULL,NULL,NULL,13,28,0,0,'$2y$10$G6.2NjU9NIxTZu/fO3m.GeoksDEBj5kO19flkAOxJBo48I.stWUQe'),('2021-05-05 12:47:44',0,200,'MOSTAFA OUAHAB',NULL,NULL,NULL,13,28,0,0,'$2y$10$RuDJMkBs1yo1kUEABWeAPuRvDTadAAOGeUyKVGuHM7J1N6fHL9AEG'),('2021-05-05 12:47:44',0,202,'EL MILOUD BAKHTI','ELMILOUD.BAKHTI@radeeo.ma',NULL,NULL,4,14,0,0,'$2y$10$C8bUCDd2USX0/Tfe8XiPmOz7DrPLtO.0qxvAKHDHzujqz/J0eBcpG'),('2021-05-05 12:47:44',0,203,'MOHAMMED KASMI','MOHAMMED.KASMI@radeeo.ma',NULL,NULL,4,48,0,0,'$2y$10$mN6k.JJvXyxBu.Wl74.9KOCJEANttwCxkfaThik2rNJ/2IVmhFZsa'),('2021-05-05 12:47:44',0,204,'MOHAMMED BENHARBIT',NULL,NULL,NULL,13,28,0,0,'$2y$10$Tqk89jmevp/zsTtAs156duc3ZgNk8NvxLgVScNh5dMHoZHP3BX/N2'),('2021-05-05 12:47:44',0,205,'FARID BENSEDDIK',NULL,NULL,NULL,13,28,0,0,'$2y$10$QhKA6Cj.irEtdAYHTS3PS.3bNTqi/ghs8vLqumBW5woEgZsuugGPm'),('2021-05-05 12:47:44',0,206,'ABDELHAQ FEQQOUSSI',NULL,NULL,NULL,13,28,0,0,'$2y$10$5TaWg1Az7hI2/95xpUuWDe.hsh8dmWf0E8Ds1uZn.m18VmKtqAUuS'),('2021-05-05 12:47:45',0,209,'JEMAA CHAYEF',NULL,NULL,NULL,13,28,0,0,'$2y$10$8R0uJSoUvnZlIQiPpDzI4OZHS0kebTHLU9MfAHq.VqYQr/xOSTifW'),('2021-05-05 12:47:45',0,211,'RADOINE HSINI',NULL,NULL,NULL,13,28,0,0,'$2y$10$xVJQEEC2Am.cneO..UUtX.YUlXRhENR7MPdXco0WIvVYJ7aaEK8.6'),('2021-05-05 12:47:45',0,212,'KOUIDER BOUDOUMA','','','',4,11,0,0,'$2y$10$mRR.wT29pqm18xSTGP9Ci.YZc9H1FAWR/2/ZlMXlWAqGVEYeC/fDK'),('2021-05-05 12:47:45',0,213,'MOHAMMED BENNAI','','','',13,10,0,0,'$2y$10$8MInph/YIN88QLkBw/Zmku0UEAlHaiJVJSuOKfzse.oPzL/Ro3nRK'),('2021-05-05 12:47:45',0,214,'EL MELYANI FENHAR',NULL,NULL,NULL,13,28,0,0,'$2y$10$XF/waREukYjkJFfoK00smekde6awGrz8E0/0s8gmZMd9lDIWcy0J2'),('2021-05-05 12:47:45',0,216,'HICHAM MIMOUNI','HICHAM.MIMOUNI@radeeo.ma',NULL,NULL,4,110,0,0,'$2y$10$BZ.nzlQFBVUb/hUN1YalGe.RIcm5oLr6NUD0W5m.0E.6Btg9DKb46'),('2021-05-05 12:47:45',0,217,'RADOUAN MACHKOUR','','','',1,10,0,0,'$2y$10$6FutBNZtdvLPAT24iJ2GDO5mfYxZFs9I7vknEhWxhRzjyKKWHBb5m'),('2021-05-05 12:47:45',0,219,'HOURIA BENSOUNA','','','',1,26,0,0,'$2y$10$lLNYA8gVQ09CiQmWGqWvpueiVwcnCqMFtb4jMF5Uqhl0Jy83nwguO'),('2021-05-05 12:47:45',0,222,'DRISS RAMDANI',NULL,NULL,NULL,13,28,0,0,'$2y$10$/7f1z73YX4w2kn5TbPgoWe4Op6OU5STEWD8/dlYmu2git3uES2kXW'),('2021-05-05 12:47:45',0,223,'ABDELATIF BOUYACHCHER',NULL,NULL,NULL,13,28,0,0,'$2y$10$S2JOSkWULH809ztc3g.RYehSl5Ak54J07F8Smg49HHoAa60U./4OO'),('2021-05-05 12:47:46',0,224,'BOUCHRA ECH CHATOUANI','','','',1,27,0,0,'$2y$10$4kJDfd1zDh8UgTv2hKgzfuvxFIjC7VqbCdXYjfpwNZTMNdOmXp0W.'),('2021-05-05 12:47:46',0,225,'ALI MEZIANE',NULL,NULL,NULL,13,28,0,0,'$2y$10$HO2QjMv2JC/.0st9z8IZJelCoQeyy97wU1T0fVlzngOuc1MrbNXie'),('2021-05-05 12:47:46',0,226,'BELKHIER BOUSSEHB',NULL,NULL,NULL,13,28,0,0,'$2y$10$jE7/yxB15jWo.Vnf82p1meEMmb6QD4Ddv8eu5uYQ7L.gguMwdgqbu'),('2021-05-05 12:47:46',0,229,'SALAH EDDINE LAGHZAOUI','','','',1,26,0,0,'$2y$10$D837HKDIxdVNe.fcVXYRFui4dqipwLC1NxVi1LoCjc1wlCgckEaQW'),('2021-05-05 12:47:46',0,230,'RABI NASBOU','rabi.nasbou@radeeo.ma',NULL,NULL,1,7,0,0,'$2y$10$d0XQBsPWWBuD6IgkeEWrg.UpQnfSpSECM.FqUf9j/32okWPWYbn2O'),('2021-05-05 12:47:46',0,232,'RACHID TOUZANI','RACHID.touzani@radeeo.ma',NULL,NULL,4,15,0,0,'$2y$10$IAVkdOn2kXi87tK/tvpXhOvr4nW.QZoijgjKvU94AMGkoesvztsFq'),('2021-05-05 12:47:46',0,233,'MOHAMMED ABOUTNI','mohammed.aboutni@radeeo.ma',NULL,NULL,1,16,0,0,'$2y$10$MYe/XoR0sZ5JwjfXiholqe4yGcO7afZR9EHevn49cTcK321nM7gMy'),('2021-05-05 12:47:46',0,234,'HASSINA LAGHRISSI',NULL,NULL,NULL,13,28,0,0,'$2y$10$pZktdAvsYl2XjecrXJQ.cOxH4UU2DPT4pwGRWKDlZoJjai9Uzu1HK'),('2021-05-05 12:47:46',0,236,'SAID FERZA','SAID.FERZA@radeeo.ma',NULL,NULL,4,50,0,0,'$2y$10$8cbwKVErFL8BClr.3eJ1Y.y/yulvVqbez0mpUl7vNlWSsmJRs8kq2'),('2021-05-05 12:47:46',0,244,'HANANE ACHHIBANE','HANANE.ACHHIBANE@radeeo.ma','','',4,30,0,0,'$2y$10$hRIQb1elGKjXOO8hxSxd0utI5NZEk3KDVVVkD05Xx/j2x1XWg9may'),('2021-05-05 12:47:46',0,247,'OMAR MAZOUAK',NULL,NULL,NULL,13,28,0,0,'$2y$10$0/63qm/jQlsl2rZnL8nGs.S3i35Mgb6bPCLk5A.kgwrDfPAjYqMEW'),('2021-05-05 12:47:47',0,248,'ABDESSLAM BLITO',NULL,NULL,NULL,13,28,0,0,'$2y$10$IzDq9vWzvF95Azi/iBPMqOZ8VvtJZFdDLabxIWA/CUSjebJMtIB8W'),('2021-05-05 12:47:47',0,249,'RADOUAN RACHYDY',NULL,NULL,NULL,13,28,0,0,'$2y$10$qzRwi1GwF7xiqgVESJbcje/jjlQW7NXLAaquj.h1JoiazV7ik2W6G'),('2021-05-05 12:47:47',0,250,'EL BEKKAYE JALTI',NULL,NULL,NULL,13,28,0,0,'$2y$10$hZSDbEuR9RywgmXQwFiwd.anpy32D0B9arEYZmz6D40myJQWgR5i6'),('2021-05-05 12:47:47',0,251,'MOHAMED TOUAY',NULL,NULL,NULL,13,28,0,0,'$2y$10$Sj7oEyugWaScnGtM3PK11.ApdDkSnubbE9hPR0CDhdEIWIToSXZ1.'),('2021-05-05 12:47:47',0,252,'MOHAMMED CHAABANE',NULL,NULL,NULL,13,28,0,0,'$2y$10$HHa1BP0zDJJp2cBXXxOIAuaa1er7pT6Oks.JZByCl3E.QR.wQIQL2'),('2021-05-05 12:47:47',0,254,'ABDELMOULA BENALI',NULL,NULL,NULL,13,28,0,0,'$2y$10$B66y9fZzTOU2sc42e6xA1e55Lcv6PxSpg779ShqA1mfBnQkIBuLpC'),('2021-05-05 12:47:47',0,255,'NOUREDDINE BAOU','NOUREDDINE.BAOU@radeeo.ma',NULL,NULL,4,119,0,0,'$2y$10$APcf26XrNn2t1GNZ2/aHy.qVqhMNTzh9SKJszFhPn0foZyYtG965K'),('2021-05-05 12:47:47',0,256,'ABDESSAMAD HADDADI','ABDESSAMAD.HADDADI@radeeo.ma',NULL,NULL,4,119,0,0,'$2y$10$/NooQG.T.UUT8r6cM2vezewcf66Z6fui1nJ7TOmfYxXmLcS4kCPem'),('2021-05-05 12:47:47',0,257,'MOHAMMED BELARBI',NULL,NULL,NULL,13,28,0,0,'$2y$10$3erdHitT9oSKtRgSQBldQeKMQHjYRwujadqmHv/zkg9IJc5DjiGKm'),('2021-05-05 12:47:47',0,258,'ILHAM ZARZOURI',NULL,NULL,NULL,13,28,0,0,'$2y$10$pfGBvPbvuK6ho55.kC2yr.oWa7TerVuH/.Ava6XdGgut7OyucyVOW'),('2021-05-05 12:47:48',0,259,'BRAHIM ZAIMI','BRAHIM.ZAIMI@adeeo.ma','','',1,19,0,0,'$2y$10$KKgAEx8rcdpAH5geAE3bGeffJ/r76j6VMGIvfrrRSmTpU7L9Guuwu'),('2021-05-05 12:47:48',0,264,'MUSTAPHA BOUKARE',NULL,NULL,NULL,13,28,0,0,'$2y$10$SbQ0NRoA19WV046qH4ueA.8JNQUDsHEHXFLCDwfmYCFTW4VvMi0B2'),('2021-05-05 12:47:48',0,265,'RACHID YAHYA',NULL,NULL,NULL,13,28,0,0,'$2y$10$jh9KUubVKQ0gf7/cKcmoj.XtrlAPmJPu.ggEvD.cQ7fmOIs..kwRm'),('2021-05-05 12:47:48',0,266,'HASSAN LATRACHE','HASSAN.LATRACHE@radeeo.ma',NULL,NULL,4,112,0,0,'$2y$10$mXZqCrl5QiGKb7o84qWmae5l9Sg/16KyDW8QpIcJrI85mN7McSnWO'),('2021-05-05 12:47:48',0,267,'MUSTAPHA STAHI','MUSTAPHA.STAHI@radeeo.ma',NULL,NULL,4,117,0,0,'$2y$10$hZTXNMxU4EMXd85yKfBNEejsEcl7nD7i6gue.I8nza9jKxDEzUTwe'),('2021-05-05 12:47:48',0,268,'ANOUAR DERROUICHE',NULL,NULL,NULL,13,28,0,0,'$2y$10$Wc4GGTONBiPIbvFpnnqah.OpUh8BkWbVIbL48YeqpsrrYZPTl.SuK'),('2021-05-05 12:47:48',0,270,'HICHAM LAZAR',NULL,NULL,NULL,13,28,0,0,'$2y$10$7uoZ5eWmnUuJx7CCZGuCh.QR0B2/MzYStYM8k.PKx42i3bqyg02BC'),('2021-05-05 12:47:48',0,271,'YOUNESS EDEBBAB','youness.edebab@radeeo.ma','','',1,18,0,0,'$2y$10$bfOzCgmpyqudfl8NDoY.RudhZpf4RnG.kUaEtKW7/aYPOiUgQEH9u'),('2021-05-05 12:47:48',0,273,'NABIL NEJARI','NABIL.NEJARI@radeeo.ma',NULL,NULL,4,52,0,0,'$2y$10$gjDJp/.GPFNiPi7ZPEPRfOqX2L3F7Ngs2SyTOCn15Juyp23e/Ts76'),('2021-05-05 12:47:48',0,275,'RAMDANE BENTAYAA',NULL,NULL,NULL,13,28,0,0,'$2y$10$a2DEqAku9Sz.JZcW.arE6OSZdu9C4gra2Ex1SwhGeh1MmE7nBybJ.'),('2021-05-05 12:47:48',0,276,'SIHAM BEQQADA',NULL,NULL,NULL,13,28,0,0,'$2y$10$0Hh2Yj1D7q3XBBrr8JE9neu9xhZ0GSnCZWnjuoZJXPmm3.ZN6VKJa'),('2021-05-05 12:47:49',0,277,'AMINE ASMI',NULL,NULL,NULL,13,28,0,0,'$2y$10$.mPn083GlzdTj2rFd0PgbeJbyQhgWtLvD8HdugxZJL2BWwBEuy12C'),('2021-05-05 12:47:49',0,281,'HAJAR DAHBI','HAJAR.DAHBI@radeeo.ma',NULL,NULL,1,26,0,0,'$2y$10$rOvbb9mSJ5j49EJihjP8L.HOVWuMs7O4ns73RFEOBLM60SkqGma/O'),('2021-05-05 12:47:49',0,282,'NOR ELYAKIN MIR ALI',NULL,NULL,NULL,13,28,0,0,'$2y$10$dEfC8a9K71QLjzr5eLZwA.HTfIlQIE6MShxFOH6WIm.TUEvY28H3O'),('2021-05-05 12:47:49',0,283,'ADIL MAHROUG','','','',1,7,0,0,'$2y$10$t6mmkkJB1Ch3gflyGEnXAun2cS8jbzG.y5T05QpVwdcvuueYw4KEC'),('2021-05-05 12:47:49',0,284,'YOUNESS TIZEN DAGUINE','','','',1,14,0,0,'$2y$10$HlHnqrC.rmxecYRO38N0ze4uPRuZlIL3HAGQjItSQUrIOizR2bWTy'),('2021-05-05 12:47:49',0,285,'SOUMIA HIMRI',NULL,NULL,NULL,13,28,0,0,'$2y$10$hTstI1AXhG83ErSnzo0/AuD1DvV6JuBPzmz.3hXAlI.ZJX2ANyaqO'),('2021-05-05 12:47:49',0,286,'FAYSAL BEQQADA',NULL,NULL,NULL,13,28,0,0,'$2y$10$7l1Wvss6kdKei0oHuuHFRezaa9Twb4u3cUNjfEU8dv0nIlxoc5hqG'),('2021-05-05 12:47:49',0,288,'HASSAN EL HAMMOUTI',NULL,NULL,NULL,13,28,0,0,'$2y$10$ooGUalecTxkZ.8pdZYBbEuPve7sXGFGKiRa0CazVAVpMiDLE3keJC'),('2021-05-05 12:47:49',0,289,'MOHAMMED MARZOUK',NULL,NULL,NULL,13,28,0,0,'$2y$10$HYGWciCj8JEGyjDdjtSaM.OVmcQr0HJDB/KBJVA3eqUT.cSV7HKnC'),('2021-05-05 12:47:49',0,290,'MOHAMMED FEQIR',NULL,NULL,NULL,13,28,0,0,'$2y$10$itxBCRpbsFDEVMr6XTdCIu/.bFmcH.ea7r9ae43lps.vbUWpNP.7y'),('2021-05-05 12:47:50',0,291,'MOHAMMED YAMANI',NULL,NULL,NULL,13,28,0,0,'$2y$10$TGkGickCmfYJbMaSlN4WtugEBCaGIQov4UPDQtRaT0apjma0VuP5u'),('2021-05-05 12:47:50',0,292,'IKRAM ALLA','ikram.alla@radeeo.ma',NULL,NULL,1,7,0,0,'$2y$10$pssbmuwv1L9CgOOY17oNWeXjLnD7Vhel3hYG7b35rgDOnGeyCAkvu'),('2021-05-05 12:47:50',0,293,'JAMAL BEYYOUDH',NULL,NULL,NULL,13,28,0,0,'$2y$10$lUbgLoT.IXEnGNUeinIYteEHoCyp0RKB65d3eh7J.7IxA0uuW.5FO'),('2021-05-05 12:47:50',0,294,'MOHAMMED EL BAROUDI',NULL,NULL,NULL,13,28,0,0,'$2y$10$4dQI9JuDBwB/TuQAlOl7MeCnKnf7dsa1c0MBAkAnRe6pkHspNzj/6'),('2021-05-05 12:47:50',0,295,'MOHAMMED KEDDAR',NULL,NULL,NULL,13,28,0,0,'$2y$10$o9ZbpSLeztHOEpjWGTpYcOcNMJAXDUp5imPGA8vQ0r4Lb354gq49O'),('2021-05-05 12:47:50',0,296,'AHMED FATHI ECH CHATOUANI',NULL,NULL,NULL,13,28,0,0,'$2y$10$QMYSPV6vKlIqt.zUdXqCc.xpC6rawrMtU4vvFL1u2RMEjWryMlhrm'),('2021-05-05 12:47:50',0,297,'HASSANE HALBOUCH',NULL,NULL,NULL,13,28,0,0,'$2y$10$XGkU2e.9Esrihl5ROSIN5O7ZKT22nZIsas4Hij5ercD7VMHxDPfXC'),('2021-05-05 12:47:50',0,300,'MHAMED BOUKHI',NULL,NULL,NULL,13,28,0,0,'$2y$10$9ykhBrQzbN3Ihn/Uf3SssOt7NmRZ5vYWHSKgaL7KxBpMFtg0IEd0S'),('2021-05-05 12:47:50',0,301,'EL HASSAN FAHI','ELHASSAN.FAHI@radeeo.ma',NULL,NULL,4,118,0,0,'$2y$10$7cMXVtcAx9X5OQgVWjMI8OU8yFm71uVb.pKieRmL.5OEXFzzMjGcm'),('2021-05-05 12:47:50',0,302,'KHADIJA RBII',NULL,NULL,NULL,13,28,0,0,'$2y$10$eGWZVoIMnStPaeWRGZjxmOkjjFHH94hYAHkob52pMK.H3EhOWv1nq'),('2021-05-05 12:47:50',0,303,'EL HOUSSINE CHAYEB',NULL,NULL,NULL,13,28,0,0,'$2y$10$6NmPDlrneSmNMk5WrhXsQeCGVk98TLrsq0vpqv6I19NnK3hCaWdem'),('2021-05-05 12:47:51',0,304,'LAKHDAR ABBOU',NULL,NULL,NULL,13,28,0,0,'$2y$10$fzTKsDKVNEAel5wGLXCcDeiJDlLyeq/wngWd/rabiNQh9aCoZkgsq'),('2021-05-05 12:47:51',0,305,'LATIFA EL HAJI',NULL,NULL,NULL,13,28,0,0,'$2y$10$KC8fUT0K3Q48weId/tPJK.7Y2YvTqLA8Kfz40z1f126TNeUJcC72G'),('2021-05-05 12:47:51',0,306,'SAID BENHMIDA',NULL,NULL,NULL,13,28,0,0,'$2y$10$DEoYd.lBPH023IFhS42Pt.k/PMT63Mrit9Q059zWR3Gz0vPyX.NVS'),('2021-05-05 12:47:51',0,308,'FATIMA ZAHRA BOUHOUT',NULL,NULL,NULL,13,28,0,0,'$2y$10$TZyyC0kqW6Tw3fIY4c4RDuX/3J.uo.dr7oIcJY.l3a5z/3xSKbakC'),('2021-05-05 12:47:51',0,309,'TAREK BOUHABA',NULL,NULL,NULL,13,28,0,0,'$2y$10$6NqBRWaQmzwiIdqEU8SOZuXsjNYdLqFnjac3e.Ibiwep3dUn5Ys5e'),('2021-05-05 12:47:51',0,310,'NAZIHA EL MEHDI','','','',1,7,0,0,'$2y$10$EFrLM7M6uXO9yMhnMFQrb.OxeEQ/xm7hmXp2FlOdQ0EfSTTAdaNim'),('2021-05-05 12:47:51',0,311,'AZ-ELARAB ELATLATI','','','',1,10,0,0,'$2y$10$79D7XIrkNPBWh/xwpOw2DOvS3Manir72jEcrTkexRwcsSgSWYosnO'),('2021-05-05 12:47:51',0,312,'KHALID MATTOUS',NULL,NULL,NULL,13,28,0,0,'$2y$10$DlPbje4NxU.IOkpRHEkHzeTi.9l9T9SL2i/uakkoqR.loWwC.SWCa'),('2021-05-05 12:47:51',0,313,'SAAD MOUHOUB',NULL,NULL,NULL,13,28,0,0,'$2y$10$XOvR6egw87XgmIgDnk91gOJ0gzZhIuTo4bP.SX6TROiKmyAJyIjAC'),('2021-05-05 12:47:51',0,314,'KARIM NAJMI',NULL,NULL,NULL,13,28,0,0,'$2y$10$J9xgR6G/GGwbUiQzRGDJuuFq1L.AYVl69//.4Jt83spegikPaRpi2'),('2021-05-05 12:47:52',0,315,'BOUCIF MAFTAH',NULL,NULL,NULL,13,28,0,0,'$2y$10$jdlD/qJGcsSlA5zbKeUNqemhZHqv6n2V0ntSlwm5vrRRU/xUJCQgW'),('2021-05-05 12:47:52',0,317,'RACHID TMIMI','RACHID.TMIMI@radeeo.ma',NULL,NULL,4,118,0,0,'$2y$10$CWJxpMHjp6yIGE9wdDPhrOVs5KrpyV68mw7KYlayp4IyqLMxCfOg6'),('2021-05-05 12:47:52',0,318,'MOHAMED CHACHCHA','MOHAMED.CHACHCHA@radeeo.ma',NULL,NULL,4,109,0,0,'$2y$10$aE32SCB5txLDKmOL1uPNd.rJCBTk9ixqzEUDBiZ.zFsII/qTVczoq'),('2021-05-05 12:47:52',0,319,'ABDELKARIM GHAZI',NULL,NULL,NULL,13,28,0,0,'$2y$10$Om7Qdo7NlRGun1AlVbt6GefcKd3a7ApKKkdSv9O/YDF6z3XvVS6o2'),('2021-05-05 12:47:52',0,320,'ABDELQADER TIRSI','ABDELQADER.TIRSI@radeeo.ma',NULL,NULL,4,118,0,0,'$2y$10$o8rAyF81.NVEd61658/QoemNu4GnViYZEMkoGMQUIxY4A8Uu/vaz.'),('2021-05-05 12:47:52',0,321,'MOHAMED BOUKARMOUSS',NULL,NULL,NULL,13,28,0,0,'$2y$10$GmZI9IPg./6mvvyqx8qk.OTcbYXnA24bPrEll3Lm27lxGmDoBjpHC'),('2021-05-05 12:47:52',0,322,'NOUREDDIN CHARIF',NULL,NULL,NULL,13,28,0,0,'$2y$10$GkyA/JIHCTHVq4FKC9n0tuzbImUeb8vw/zSp1JlrewuGQAvVUdY9.'),('2021-05-05 12:47:52',0,323,'AHMED BAHA',NULL,NULL,NULL,13,28,0,0,'$2y$10$hMPH4BHX/HBWo1mHUYjfWupO9rVj14qBzEE3Oyyd55KtE.CZqpj5C'),('2021-05-05 12:47:52',0,325,'SAFAE LAHLOU','','123','',1,11,0,0,'$2y$10$5o31uueaxZOz2SysqBf.jOKZLCOUkyRW3xFkh/VGXV2Vp91/GGQJ.'),('2021-05-05 12:47:52',0,326,'SOFIA ERROUGUI',NULL,NULL,NULL,13,28,0,0,'$2y$10$GCGPSIEGE9C2eBOh0vYOB.NcISzERdIbAINbf6QAPLUekMGMjHMmC'),('2021-05-05 12:47:53',0,327,'ZINEB TALOUCHE','','','',4,6,0,0,'$2y$10$eZxyxAYzQAHPaTWdz2ABOubeKGajdDW7UoJzsx.jJYF0o/WyqJrtG'),('2021-05-05 12:47:53',0,328,'ABDERRAHMAN AIT EL KADI','ABDERRAHMAN.AITELKADI@radeeo.ma',NULL,NULL,4,109,0,0,'$2y$10$KyayG7zdc.p8lsOzEvNqa.OYUtI1P5fEvsg3.DS/jzTQZ37MEjo7q'),('2021-05-05 12:47:53',0,330,'MOUNIR BENADDOU','MOUNIR.benaddou@radeeo.ma',NULL,NULL,4,44,0,0,'$2y$10$obZf9X9AWS6k4PYTqDdI3ekPVUeC7QBkD0cZ/N1M5nLUwzNU4Cz72'),('2021-05-05 12:47:53',0,331,'MOSTAFA LAHMIYANI',NULL,NULL,NULL,13,28,0,0,'$2y$10$c/82I9i/YoStRkRMDuPUA.SYXkt.1E8Xf0s5kwysCTxmYiN64Qkim'),('2021-05-05 12:47:53',0,332,'SOUAD EL ACHAOUCH','','','',1,7,0,0,'$2y$10$mrIuJYV6WiS3j41Lnnqhne25exUQiOIvNFX/NEm2xIOJ6hbjRuDna'),('2021-05-05 12:47:53',0,333,'HICHAM MOUSSAOUI',NULL,NULL,NULL,13,28,0,0,'$2y$10$2WIoAGvJaRA.hVfbZiqIku.Vw6vwm72AqghdDNpWl82tMHxFGs/yi'),('2021-05-05 12:47:53',0,334,'MOHAMED ACHOUR','MOHAMED.ACHOUR@radeeo.ma',NULL,NULL,4,109,0,0,'$2y$10$oZI1VzrS/0x3ugMjfr/Y2O7iK/PrR5SLFRg9EavLLFStlC8uvk.RK'),('2021-05-05 12:47:53',0,335,'ABDELKRIM CHADLI',NULL,NULL,NULL,13,28,0,0,'$2y$10$0VxOd0RrXnECCOL9f3slB.XrneM5raZMW4FfGUBPa0AukbFh/Jme.'),('2021-05-05 12:47:53',0,336,'KADA ZEKRAOUI',NULL,NULL,NULL,13,28,0,0,'$2y$10$JNRCXe41kpZdv9TJBS4nsORdF4OgNmJWOCPJmSOaGAc0tftJBB7He'),('2021-05-05 12:47:53',0,337,'YAHYA DAHMANI',NULL,NULL,NULL,13,28,0,0,'$2y$10$2G6yi8erNXYEC37ppx8Mw.CJN5aw2437qk2qGDXkfT0umdnPD8PNG'),('2021-05-05 12:47:53',0,340,'MOHAMED DAHMANI','MOHAMED.DAHMANI@radeeo.ma',NULL,NULL,4,31,0,0,'$2y$10$jVe22wgXHvQXEE.FGBJgN.2i3BsQZJiPddCorNS6jHMH2/PgVvtEW'),('2021-05-05 12:47:54',0,341,'HAFIDA RAHMANI','HAFIDA.RAHMANI@radeeo.ma',NULL,NULL,13,21,0,0,'$2y$10$LZu83i.Qi09lGJL2Xj96/.Hi7Lu02g7pD9Uf7z8ijypJFtgkFyVj.'),('2021-05-05 12:47:54',0,342,'SAMIHA BENDAMIA','','','',1,11,0,0,'$2y$10$OE1/gheJ26o6SMBDQ4F4E.q6oSr/qIbwUcA74k8CEtsNd8cz8/JJ6'),('2021-05-05 12:47:54',0,343,'SANAE BEYYOUDH','sanae.beyyoudh@radeeo.ma','','',1,17,0,0,'$2y$10$QoXqORAy.mMmJk1RU3tDYeR2EZk1US2XV4Zxxkf6N9llCzrm79//i'),('2021-05-05 12:47:54',0,344,'HASSAN HSAINI','hassan.hsaini@radeeo.ma','','',1,22,0,0,'$2y$10$p.0hSbhPTqTsnmJtgFgPhet8okeFTECmyxQtIF8mPxUTexRK1S5RS'),('2021-05-05 12:47:54',0,345,'SAMIR EN NEJJAR',NULL,NULL,NULL,13,28,0,0,'$2y$10$q2uu5as/6ryHUAXKq3FGn.1IXilMwpKJMLoUSHnbmloiezgIiYJg.'),('2021-05-05 12:47:54',0,346,'BENAISSA BAKHTAOUI',NULL,NULL,NULL,13,28,0,0,'$2y$10$PVhPQXeUEoKytaOMm8x/e.5oEvVvg9bjGgaltGtnZlpWWIypnRGAy'),('2021-05-05 12:47:54',0,347,'EL AMINE SIKOUK',NULL,NULL,NULL,13,28,0,0,'$2y$10$TkhMvQSiluebZfEoM169WeSGnLqpL4vcT0t3VNzSSHI.M5hdaKOqq'),('2021-05-05 12:47:54',0,348,'ABDELHAMID ELMOUTAOUADI',NULL,NULL,NULL,13,28,0,0,'$2y$10$G0sAF9e5qZbsAAJoLYl2NeRGCq3y9eDvdT7J.w0BfzXpfjprVOP/6'),('2021-05-05 12:47:54',0,350,'MOUNA HENNANI',NULL,NULL,NULL,13,28,0,0,'$2y$10$9Np901Pzm/JK2ZiNMl9UJOIOthyBk794E8wtlr75ig8Ev1zmuJpOu'),('2021-05-05 12:47:54',0,351,'MOHAMMED BOUKABOUS','MOHAMMED.BOUKABOUS@radeeo.ma',NULL,NULL,4,47,0,0,'$2y$10$h7gaSszdD0MFe6ruqCqLne7Jj9IC.1nOKub7wTPt1fKFRzPlIv4ci'),('2021-05-05 12:47:54',0,352,'ABDELFATTAH EL KHALFI',NULL,NULL,NULL,13,28,0,0,'$2y$10$Ed5OxhjrECrylICOHomq9eunuYaetLdR3yC.V89vXMOguHL6LzfjC'),('2021-05-05 12:47:55',0,353,'AHMED MIRAOUI',NULL,NULL,NULL,13,28,0,0,'$2y$10$3sCsFQbtzh.Fczw4D/3S1.6Xk9CxzTxiEoZqdoFSG77/f3H4w4FI2'),('2021-05-05 12:47:55',0,355,'MUSTAPHA EL  HILLAL',NULL,NULL,NULL,13,28,0,0,'$2y$10$IYKEjOUZ.lnzMLI9S2UcS.AItkTkG6LEl3yUNatz7mzPDP011hjr.'),('2021-05-05 12:47:55',0,356,'REDA HILAL',NULL,NULL,NULL,13,28,0,0,'$2y$10$xDZRpxGJzU7nMowpSAvj9e6WtF7O3.oVphXo5zBEqoelv6g.hCe2u'),('2021-05-05 12:47:55',0,357,'MOHAMMED ATMANI','MOHAMMED.ATMANI@radeeo.ma',NULL,NULL,4,49,0,0,'$2y$10$zzoMYmVcZK2sb7TguGhr8.ZovrL6Xt69jr1cGIARoAzYDG9QMn0Ri'),('2021-05-05 12:47:55',0,358,'NABILA EL YAAGOUBI','','113','',1,14,0,0,'$2y$10$c10amX1BUHkplzUuo5Dg..l6Ge.hulo2eVpXR9GcMqayPRJ4eI/eq'),('2021-05-05 12:47:55',0,359,'AMAR BARHTAOUI',NULL,NULL,NULL,13,28,0,0,'$2y$10$VJACxnSNn82b1cUPys8k2OJbsaIR.xGrM2HNkkcLLEbmVe2GNGBwu'),('2021-05-05 12:47:55',0,360,'ABDELLATIF BENKARROUM',NULL,NULL,NULL,13,28,0,0,'$2y$10$yAkZJxuoejbsIu1sl1E0wubrpuv12hufKaWTWhPrKWfDJiwygXdNO'),('2021-05-05 12:47:55',0,361,'YASSINE BOUTRIGUI',NULL,NULL,NULL,13,28,0,0,'$2y$10$DbtXGrZZ/6oStKZZ4adTZ.SmfOx.glr5qon2.dPa8eE5dPcLF8PRK'),('2021-05-05 12:47:55',0,363,'ILHAM EL AQUIBI','ILHAM.ELAQUIBI@radeeo.ma',NULL,NULL,1,23,0,0,'$2y$10$cyIuZpd.XNXa110286/m6..hKXSqm8hpbxLkbMSykyadFz2Axc982'),('2021-05-05 12:47:55',0,364,'IMAD EL KACHKACHI',NULL,NULL,NULL,13,28,0,0,'$2y$10$bQsPDn8AMsrHGfeJmHvo2.Jt488yXwc2wbETGC.dnrpT8tpSJYVwm'),('2021-05-05 12:47:56',0,365,'MOHAMMED RHAMSOUSSI',NULL,NULL,NULL,13,28,0,0,'$2y$10$o2306Oj8.9I3Lsxzu/2sMOQsg4rlfLeNQNf1ry7jvKa7GN8gmoBC2'),('2021-05-05 12:47:56',0,367,'ADIYE GUERROUJ',NULL,NULL,NULL,13,28,0,0,'$2y$10$9QTUpdEbHh5vEuipEdxpw.TM9ImwGfvOUQhbG44FEgaIC7quq0qXO'),('2021-05-05 12:47:56',0,368,'HICHAM EL  YOUSFI',NULL,NULL,NULL,13,28,0,0,'$2y$10$fkMoeWSuLsmssIxz1BOsXuIw4pgIWt27jkuzdHIiDpfNPqxbTH9ce'),('2021-05-05 12:47:56',0,369,'ISSAME LAHLOU',NULL,NULL,NULL,13,28,0,0,'$2y$10$/nTzde1BZtkxVEqnhVFOGOOCswkhgUUlWf6Z37OH/0Ykmt3Ztm8KS'),('2021-05-05 12:47:56',0,370,'ABDERRAHIM JAOUJAOU',NULL,NULL,NULL,13,28,0,0,'$2y$10$VL2NPwjI0hmyDdgMknhCwuvhHjow0TDsKSHEPhEMAitStzbsEqbMu'),('2021-05-05 12:47:56',0,371,'NADIA IMAM','NADIA.imam@radeeo.ma',NULL,NULL,1,20,0,0,'$2y$10$8X/twDh8FSLBNm33yz1OoeXMtcEaM3Krq/tcSZXr2GJuKrAbIJT3S'),('2021-05-05 12:47:56',0,372,'MOUSTAPHA AMEDJAR',NULL,NULL,NULL,13,28,0,0,'$2y$10$xUtxDxxjQCrpCxsErCwLFe0Y9YXE83agZrXisbEa1Xh9Thu0k6CWG'),('2021-05-05 12:47:56',0,373,'ABDELHAK BEN LAHCEN','ABDELHAK.BENLAHCEN@radeeo.ma',NULL,NULL,4,109,0,0,'$2y$10$cvqVb6xw/8qeWDnNdHiC1e0hEvTV7V5gNfBCrXZEn4nCjq4mV2Lcu'),('2021-05-05 12:47:56',0,374,'HASSANE LAOUNI',NULL,NULL,NULL,13,28,0,0,'$2y$10$NBSRQx87sXhvnIarLTnUE.4sA3e7L9lHsTYiBFD7Qy764aKY9jewS'),('2021-05-05 12:47:56',0,376,'MOSTAFA MELHAOUI',NULL,NULL,NULL,13,28,0,0,'$2y$10$OGkHwg8uzakTsmtWueg8K.QWDhD6Gjav2DRRent8CJgdC.bshejDO'),('2021-05-05 12:47:56',0,377,'JAMAL ALLAOUI',NULL,NULL,NULL,13,28,0,0,'$2y$10$vHG1.P6Dw5bZQwBIt4NXgujNNVjxxekE5Lb92Ulq/f09y/UNRIFjK'),('2021-05-05 12:47:57',0,379,'MOATASSIM BOUCRAA','MOATASSIM.BOUCRAA@radeeo.ma',NULL,NULL,13,116,0,0,'$2y$10$aZD3UL7HsP.5rZz9dl1iAODKAGi3igrtZ9fvuXbEXDaAaaZh4WvHC'),('2021-05-05 12:47:57',0,381,'AYOUB AZZOUZI','','','',1,14,0,0,'$2y$10$2pDh0bWiwooLx5b5WB3F1.DVF1Uh3Nf7MfqLO4xHnlLF.PCbnrg2e'),('2021-05-05 12:47:57',0,382,'HAMZA KAJEIOU','HAMZA.KAJEIOU@radeeo.ma',NULL,NULL,4,46,0,0,'$2y$10$Frp4sycbjGwiI3Y7HlkhquJGCZyz8yVlHO9VLA0EgsHoIwd8ONN1m'),('2021-05-05 12:47:57',0,383,'SANAE BENHAR','sanae.benhar@radeeo.ma',NULL,NULL,1,25,0,0,'$2y$10$tkgzVzfNYimp3HtWkW3F2ezRFFoE2Mqg5zq.2/a./HoCnC3Ty4TW6'),('2021-05-05 12:47:57',0,385,'ASMA ABRAGH',NULL,NULL,NULL,13,28,0,0,'$2y$10$QQxCHvn3SniRuz4Y2303seoZbNb4XGqoRd80n9tU3t/H1CA4W5R.S'),('2021-05-05 12:47:57',0,386,'RADOINE NOUAYTI','RADOINE.NOUAYTI@radeeo.ma',NULL,NULL,4,112,0,0,'$2y$10$Zo7cCU7ebOVCwoWRUOXr9eoIxnWmG7MXh9vcjQbd7b0vFyzfakCcy'),('2021-05-05 12:47:57',0,387,'RACHID MOUTAOUKIL',NULL,NULL,NULL,13,28,0,0,'$2y$10$7CoVHQtTW3ef2gJZXT3OsewExJTdHpShnfVJDkCgAQ9ra9Mp6JoL6'),('2021-05-05 12:47:57',0,388,'MOHAMMED AGUILI','MOHAMMED.AGUILI@radeeo.ma',NULL,NULL,13,115,0,0,'$2y$10$mFbrU0JAbetF3.xXbMdXCO.ZVgfvSskTA0OACfYI.I4NcWiMbqLNy'),('2021-05-05 12:47:57',0,389,'MOHAMED AMAZIANE','MOHAMED.AMAZIANE@radeeo.ma',NULL,NULL,4,109,0,0,'$2y$10$vFc4iudQxkpxfx2v071v.eGmZOpU/Z9O9lcEEkainrxD5EiunNugO'),('2021-05-05 12:47:57',0,390,'AHMED BALI','AHMED.BALI@radeeo.ma',NULL,NULL,4,109,0,0,'$2y$10$J6z3at8/B1M8JTlrtdX.9.OZIBtccRv90DwBWG7GumcIJWCNTPG0O'),('2021-05-05 12:47:58',0,391,'ABDERRAHIM DERKAOUI','ABDERRAHIM.DERKAOUI@radeeo.ma',NULL,NULL,4,119,0,0,'$2y$10$ECIRhWs8EBfJOoecWX6Bx.ZrBtdNeYeTwkVylmk2Lb6E4iPnbg5li'),('2021-05-05 12:47:58',0,392,'ISSAM CHEMLAL','','','',1,28,0,0,'$2y$10$Tg6UHec0vBOwH8GFBdJc..eDtr6awJgdqneejK6Ksmav9cJ0NcJGG'),('2021-05-04 14:14:50',1,393,'Ilyass MOKHTARI','ilyass.mokhtari@radeeo.ma','140','',1,1,1,1,'$2y$10$zhdHxECcC8WwwRI7lithT.Ll0EBGyQX59T5IUVkTVdbZvg3JmezXC'),('2021-05-05 12:47:58',0,395,'ANAS BOUSSEDRA',NULL,NULL,NULL,13,28,0,0,'$2y$10$vn8kApnl.awn5lN5dYcMCuD5EL483wj902rXXaZLRac.IVVvV6jCK'),('2021-05-05 12:47:58',0,396,'ABDELILAH BENTAYAA',NULL,NULL,NULL,13,28,0,0,'$2y$10$KcJ/KZUephhuG5bKZtvy6e/Ls2L0v313i6juTXZM0y7hkV5QN6CZa'),('2021-05-05 12:47:58',0,400,'LAMYAE BOUANOUZ','LAMYAE.BOUANOUZ@radeeo.ma',NULL,NULL,1,22,0,0,'$2y$10$r7zyqlmk0z53A9nEdCKqLe8qgQrOOK.kpX/uZltsHauYR0/s/SU3C'),('2021-05-05 12:47:58',0,401,'NABIL EL HAZZAB MOHAMMED',NULL,NULL,NULL,13,28,0,0,'$2y$10$fRgkFUnB98/BTJlI/js1x.qCSNRu0KxdHV6L..M6EnXyUChAmhfRW'),('2021-05-05 12:47:58',0,402,'ABDELAZIZ AMIN',NULL,NULL,NULL,13,28,0,0,'$2y$10$wRLMTQeF/JbxMiCauhe7oeGKL7TshGj4/eMwZbQRxGh5wao3wgKza'),('2021-05-05 12:47:58',0,403,'KARIM MOHDADI',NULL,NULL,NULL,13,28,0,0,'$2y$10$QsE3HdMcEFmU35zrNCKrFuyDXePcB8DMlF2zsb0BO1AHY7WBMWr0a'),('2021-05-05 12:47:59',0,404,'MOUHSSINE EL AICHI',NULL,NULL,NULL,13,28,0,0,'$2y$10$vmDRC33NEVzqmOTX1F84C.dCPwIWcyMIuWlHAeelrkioKX97CBsB6'),('2021-05-05 12:47:59',0,405,'AHMED AISSI','ahmed.aissi@radeeo.ma',NULL,NULL,1,18,0,0,'$2y$10$HE6u8Sh1V73RUWuzSSKq.O6P0Jv5MbgJOBrWMU8/AlKOo43g7CCue'),('2021-05-05 12:47:59',0,406,'MOSTAPHA ZAAM',NULL,NULL,NULL,13,28,0,0,'$2y$10$BX8dDQI3I1ESfBURinRxIu3YfXtuDrO/vdtU06Dq2fXwk4104tz4i'),('2021-04-17 23:35:37',1,407,'Ahmed Khalil ELBASRI','ahmedkhalil.elbasri@radeeo.ma','144','',1,1,1,1,'$2y$10$ZTgIT6Yv7FIqDFhDurX4BORwVqcazCUx4BJtA7aRL.6gq1GSGJGIy'),('2021-05-05 12:47:59',0,408,'SAMIRA JALLAL','','','',1,7,0,0,'$2y$10$osDZ9sn3EUO91WbBA1qtKunM3qcc/kHL5O8SHST5YIRyPLOfAoCHa'),('2021-05-05 12:47:59',0,409,'ADEL HALLOUMI',NULL,NULL,NULL,13,28,0,0,'$2y$10$kCWFG6Xfzj4oozWfZU.NZuL7HrwubogvtAClk8nQ0dG/tEEOgFDW6'),('2021-05-05 12:47:59',0,410,'SARA TOUATI',NULL,NULL,NULL,13,28,0,0,'$2y$10$OgGEGCLuj59BgpbBimViqOFZLj3wIuwYB8guxLUsAUHrdbQbkMGlW'),('2021-05-05 12:47:59',0,411,'ABDELMONAIM KHARMACH',NULL,NULL,NULL,13,28,0,0,'$2y$10$7GHiUsTiieH7E49NX7fvNORQNzgy0cziBcniIkqJ4md.03wbluQkS'),('2021-05-05 12:47:59',0,412,'ABDELILAH DEBBI',NULL,NULL,NULL,13,28,0,0,'$2y$10$rdgUIwL553kIQNE2AThE3uOYv10SEfXCjQM0dHRqVQgl6YSiAqLyq'),('2021-05-05 12:47:59',0,413,'MOHAMMED AFQIR',NULL,NULL,NULL,13,28,0,0,'$2y$10$DOzA57rcls3hocm1TNrUs.6RH77CppWmO1azq0kRf9b6nwXz6kviG'),('2021-05-05 12:47:59',0,414,'MOHAMMED KETOUY',NULL,NULL,NULL,13,28,0,0,'$2y$10$UPjxRR21oheND1Io7XoceuBEOmvXo2YD23R333m2pbjKz1abpvn76'),('2021-05-05 12:48:00',0,415,'EL HOUSSINE KADDARI',NULL,NULL,NULL,13,28,0,0,'$2y$10$ybXcv3qG9whi7KQfoLPnKuMPmzGtQ1wRWdT9R17JSNXKVHiSPW66S'),('2021-05-05 12:48:00',0,416,'JAMAL BENELFATMI',NULL,NULL,NULL,13,28,0,0,'$2y$10$Cc/J/q7TVWm8IztPb1oHkel55q7N/ob.ZSSy7OKSvqDuu3xPvpVly'),('2021-05-05 12:48:00',0,417,'MOHAMMED FILALI','MOHAMMED.FILALI@radeeo.ma',NULL,NULL,4,119,0,0,'$2y$10$jBomVHEAtqQlO4AlHfM9eOBOxAC0QFBIQw/qL0lnNYrwHwuuJwsQa'),('2021-05-05 12:48:00',0,418,'SAID FATHI',NULL,NULL,NULL,13,28,0,0,'$2y$10$K740KCvQ0iHowVCoKcxacu1hxqwkmvvEG86moNGnI9KF2iifCe6x6'),('2021-05-05 12:48:00',0,419,'MOUNA HMAMOU','','','',1,9,0,0,'$2y$10$klLcfAdsLTDKEAI7DhwYaeL6GZHFJ.T.kQRrX371I.BMRPQBFHP7q'),('2021-05-05 12:48:00',0,420,'CHAKIB KARZAZ',NULL,NULL,NULL,13,28,0,0,'$2y$10$BM5WoXCxJuY6inxSe7SG8.l5ieMbOf8kuA3plLSotBQlEisOlQTRa'),('2021-05-05 12:48:00',0,421,'SALIMA SEBBANE',NULL,NULL,NULL,13,28,0,0,'$2y$10$oLO0dzmr4Ul/WYtQpyJolO.WFxyy7dh9t8UOKQRvFccjY6q/EOphK'),('2021-05-05 12:48:00',0,422,'KHALID LOUDYI',NULL,NULL,NULL,13,28,0,0,'$2y$10$aixkTg5WRol8d1uJwTSmPeeI3h9tKyAVlBBFeV2IuhkJJ5alum3Y2'),('2021-05-05 12:48:00',0,423,'HAMZA ZARHOUNI',NULL,NULL,NULL,13,28,0,0,'$2y$10$pdwbSOO2RPR9M6Lfw4.oJ.PMfdMXp30xBWQzcDN9YcRXjJ/vxLtfW'),('2021-05-05 12:48:00',0,424,'MOHAMMED MOKHTARI',NULL,NULL,NULL,13,28,0,0,'$2y$10$WQ2z.YLPdiGgXRsigsUr8OTbDv0CFFfGIddwBY1tm5wGKUSa1PlEO'),('2021-05-05 12:48:01',0,425,'LAMYAE BACHIRI',NULL,NULL,NULL,13,28,0,0,'$2y$10$zOkrf2g3uSOaRKsYi5C24exYWn4kdnKv3eWNYGTnW4R2Gj5ru1Kde'),('2021-05-05 12:48:01',0,426,'SARA BOUKABOUS','','','',4,28,0,0,'$2y$10$K0llqAoLnyrYT/Cgw0m/De5OL19CIjC6mrkPKwQG0BmDfQ64pbVgi'),('2021-05-05 12:48:01',0,427,'MOHAMED BOUTHIR','','','',4,9,0,0,'$2y$10$L3/EzTJI2e3oW6uOwhjRVuDD5xP94bRw83/LGwEdgY1k1t1jZOsoC'),('2021-04-17 23:35:37',1,428,'Zouhair BOUALAOUI','zouhair.boualaoui@radeeo.ma','144','',1,1,1,1,'$2y$10$/ma0XUgC5Lgeoz.aYS8PkeDmJCzshfnIYp.TpY0Turl0dkZwQT3su'),('2021-05-05 12:48:01',0,429,'LEILA ZAIMI','leila.zaimi@radeeo.ma','','',1,17,0,0,'$2y$10$U9KLsLMwJx9pNOoJFNl3wePvVZrhjpcNSqD7P5rO28BoWqY7we10q'),('2021-05-05 12:48:01',0,430,'HANANE FRIHA','','','',4,11,0,0,'$2y$10$9O39iuxEDLgzJ2E4ps.FJ.bE7QmthyfxTJElAmvQtSDTpiOX.c1ju'),('2021-05-05 12:48:01',0,431,'HANANE AZIZI',NULL,NULL,NULL,13,28,0,0,'$2y$10$yWgzhC7zARJShqWFcGNYZ.03HGv1KiJnAFe/AMQmNmpBA3FwAbxoy'),('2021-05-05 12:48:01',0,432,'YOUSSEF BERRAHOU',NULL,NULL,NULL,13,28,0,0,'$2y$10$Bqgq4/fFWnNaNJiEuQ7U..4lnb.loFr1s4J73JMIgG8TY4S9Cwa/.'),('2021-05-05 12:48:01',0,433,'SANAE BENAHMED','','','',1,7,0,0,'$2y$10$T7CUlFsHWLh0j3ZVaSAQvuPdDdvzlKVlXUBwWhTd/4322xXpytKXy'),('2021-05-05 12:48:01',0,434,'BRAHIM ECHCHAIT',NULL,NULL,NULL,13,28,0,0,'$2y$10$HHSe2Exrf.aLMyocBZBGv.zMN3OpZpFhjAozymVb2DL/b/XTAK3W6'),('2021-05-05 12:48:01',0,435,'ABDENNAJI BER-RADIA',NULL,NULL,NULL,13,28,0,0,'$2y$10$mjnnIl0h16/MdWO2243wH.HBgHZGMtCdtlxdAkl7An49bKy3n7sC2'),('2021-05-05 12:48:02',0,436,'SAID KADIRI',NULL,NULL,NULL,13,28,0,0,'$2y$10$acAO9b8MsHwgQgP.gJphP.g8MvqmxHq1DkidaM/1glk4.i.OW5aoC'),('2021-05-05 12:48:02',0,437,'MOHAMED DARDAZ','','','',3,9,0,0,'$2y$10$L0VPsEYCL6TWQX5CxN7ydOS8eowhaYUMpD3S6ANGpiizwIOgaO.M2'),('2021-05-05 12:48:02',0,438,'MOHAMED BENSTITI',NULL,NULL,NULL,13,28,0,0,'$2y$10$ECjhc4mPLYuftqDUcpOnu.R2i5u9f6wzFuBnhcIUvXWgqCB3Y6OE.'),('2021-05-05 12:48:02',0,439,'HICHAM CHELLOULI',NULL,NULL,NULL,13,28,0,0,'$2y$10$o5l31XwxxfrDnSHQf1uMneslcO0nES1CPESZ53oC5kmejFv9NLgJW'),('2021-05-05 12:48:02',0,440,'SAID BELKHEIRI',NULL,NULL,NULL,13,28,0,0,'$2y$10$rZ0ov5IRBoVcGDuoQkTRCuyQO72GsRFMzUAk64S7Bed0ShJB5Rl0S'),('2021-05-05 12:48:02',0,441,'RACHID BOUMDIL',NULL,NULL,NULL,13,28,0,0,'$2y$10$wB5U2qCZLJfsd/cpWd01U.8IuclP.XzBadnDhgTTvgTmjztp6Kgf6'),('2021-05-05 12:48:02',0,442,'ABDELHAFID SOULIMANI',NULL,NULL,NULL,13,28,0,0,'$2y$10$4CWm0BbYQMTyXQwaew9K5OhLYXFj1ixCjbjVxfE.rfiNfQMmGKBOW'),('2021-05-05 12:48:02',0,443,'ABDELKADER ZIANI','ABDELKADER.ZIANI@radeeo.ma',NULL,NULL,4,119,0,0,'$2y$10$SBn/QUAgr1veQV6LmPfXxOwWgiKTMSrV2TdLp9yZyFUgQJrZGMyii'),('2021-05-05 12:48:02',0,445,'AISSAM BERKHLI',NULL,NULL,NULL,13,28,0,0,'$2y$10$poo6CaGqXi3ZJ1s/cx/jNOYgMkVaRNz6ORBoKL3gmArwA8jOZyoLm'),('2021-05-05 12:48:02',0,446,'MOHAMMED JAALI',NULL,NULL,NULL,13,28,0,0,'$2y$10$ywVo7OlzRKJKynqjRNqTv.wQHIB5IusL3qmKaFFDI60Y2vEH94r1a'),('2021-05-05 12:48:03',0,447,'MOSTAFA FHAHIM','MOSTAFA.FHAHIM@radeeo.ma',NULL,NULL,4,121,0,0,'$2y$10$guLjCsuUhd0UQRsbPH3xueEcKeGoN8Cuce5ftkXSVdia1099OhAuu'),('2021-05-05 12:48:03',0,450,'NISRINE LAMRABET',NULL,NULL,NULL,13,28,0,0,'$2y$10$vjeFmsytW99RcEpK0inH7O/fJfbVklx2WAtNkZ4XR6dNsj8DRHEbO'),('2021-05-05 12:48:03',0,451,'YOUSSEF LAGHMAM',NULL,NULL,NULL,13,28,0,0,'$2y$10$ogvzPXA0XvV1Y8/Hk4Ja/uszb9vzbW8ijxzMLpNOgTBMvIbaAvW9O'),('2021-09-15 10:26:46',0,453,'Hanane BOUNOUA','Hanane.bounoua@radeeo.ma',NULL,NULL,1,96,0,0,NULL),('2021-04-17 23:35:37',1,454,'Karim AGHZAF','karim.aghzaf@radeeo.ma','141','0664811119',1,1,1,1,'$2y$10$eL2HtEFvFNKJJO2OTUUGoekNgWv7izFOULpvIGozNb5Ceq6cpvMCK'),('2021-07-05 10:33:35',0,455,'Zineb  EL RHAZZALI',NULL,NULL,NULL,13,28,0,0,'$2y$10$zzCqxM3Z5XpH3WbI11ravObK9qMhmQiS5QFlup6tuIe/6C9gXAQtm'),('2021-07-05 10:33:35',0,456,'Anass BAJA',NULL,NULL,NULL,13,28,0,0,'$2y$10$xVK4NYO7MXTLCR4SJyNaruDoHPAQYr/AYLJ5lLPUXUXJEjyXw1r1W'),('2021-07-05 10:33:35',0,457,'Tarik ZOUHRY',NULL,NULL,NULL,13,28,0,0,'$2y$10$9w.TVTlkNuQ/KGO.wcinsuOByHkod7ngG2xSnaVriWUJ43KgScCqO'),('2021-07-05 10:33:35',0,458,'El bekkay AYADI',NULL,NULL,NULL,13,28,0,0,'$2y$10$g2PcN.KjjTPIV2Kx/4S7pOWO/DHxBxRWpUy3xto17eD5LDYxY.2VK'),('2021-07-05 10:33:35',0,459,'Aziz HANTOUM','aziz.hantoum@radeeo.ma',NULL,NULL,1,18,0,0,'$2y$10$RftkO1ZSRTl4jEco6RqoWuskXSROpHzGgRJWH7vZBUamxXbceHzWS'),('2021-07-05 10:33:35',0,460,'Azzeddine BELGAID',NULL,NULL,NULL,13,28,0,0,'$2y$10$lgMnpLL05XJJQIDVK36gJeylZZy1LtUWDBIibdNcN1VQOoVA1NrRi'),('2021-07-05 10:33:35',0,461,'Mohammed amine  OUAHJOUJOU',NULL,NULL,NULL,13,28,0,0,'$2y$10$1deA4i4qROBwALjwzJzwtOOoIsyCUDFeCwITd/DV1xGQr7oZJl0m2'),('2021-07-05 10:33:35',0,464,'Mohammed  SAIDI','','','',4,11,0,0,'$2y$10$zsb0c.zv1QHBXmvumBWHHuxV8lQI.GVoq4GNUMJqv6rOvjilv0Mu.'),('2021-07-05 10:33:35',0,465,'Abdelali SARGHINI','Abdelali.SARGHINI@radeeo.ma',NULL,NULL,4,109,0,0,'$2y$10$M733ws1xBQzKc.x9yryHGupgrPOX/N10Pp2pB725gM.ZmR9hp8Zd.'),('2021-07-05 10:33:36',0,466,'Mohammed CHOUIKH',NULL,NULL,NULL,13,28,0,0,'$2y$10$g.NujDH6ypMsHaoPiHe1RuTsXcji9i/ETG4fUN3FltpHttjBvPdD6'),('2021-07-05 10:33:36',0,467,'Mustapha OUMA',NULL,NULL,NULL,13,28,0,0,'$2y$10$R8hZEUG/gPP3VNPkdiV7.uInf6Epm2e8smGbpUJkfXQl4RdpAe8MO'),('2021-07-05 10:33:36',0,468,'Mohamed HIKMAT','Mohamed.HIKMAT@radeeo.ma',NULL,NULL,4,44,0,0,'$2y$10$fq4sKWhWK6J9o2z/IQM53u9GdU65zHeIXOh3p23MIXG6kvid/iwOS'),('2021-07-05 10:33:36',0,469,'Sanae jouhaina AMALLAH','Sanaejouhaina.amalah@radeeo.ma',NULL,NULL,1,24,0,0,'$2y$10$tKRpFODrKveRhAOGSxgGJO9jCw7cSEKAzagFcyXI14oK3EsWcgmlS'),('2021-07-05 10:33:36',0,470,'Mohammed BOUNANA',NULL,NULL,NULL,13,28,0,0,'$2y$10$poNV/p9tFezuXRjEB.3MtukF3uPSWK02ZLgKgJxpkhjX82WrFKmvm'),('2021-07-05 10:33:36',0,471,'Amine HABLAJE',NULL,NULL,NULL,13,28,0,0,'$2y$10$dyUKHf5FpThiE81It5.05.j9VJJfTaXfiQWeoyptHiPLY6zA8Fp06'),('2021-07-05 10:33:36',0,472,'Taha BENSALAH',NULL,NULL,NULL,13,28,0,0,'$2y$10$jYykT78abpcA12rAo75X0uyEFLcgk0T6Nn2aBFxtxWhISGJPlHX/2'),('2021-07-05 10:33:36',0,473,'Imane OUIJAN','Imane.ouijan@radeeo.ma',NULL,NULL,1,101,0,0,'$2y$10$1ulTc9hB2LEYPnrPbkCwp..dvAe7Ik2/VJ38kmx6lxinZl4Rrg6We'),('2021-07-05 10:33:36',0,474,'Anass GRID',NULL,NULL,NULL,13,28,0,0,'$2y$10$tA.Nps5K8R/Hkx0b3EpNWO2jSlaiZRuw3jPMItz9qyuKVCSC6XeWy'),('2021-07-05 10:33:36',0,475,'Imane SALIB',NULL,NULL,NULL,13,28,0,0,'$2y$10$L3kRiGtZCzdvmZwYnmqOYOKYcw6LTfYUQnYfd36LJYiAP9eKHPaLO'),('2021-07-05 10:33:36',0,476,'Assma AJLI',NULL,NULL,NULL,13,28,0,0,'$2y$10$eIN0YSP5/TA82b0eQFiLWu5OYPhN61pPA1MLSoWK3lCI7ENWbm.Fe'),('2021-07-05 10:33:37',0,477,'Nasr-eddine MERBOUH',NULL,NULL,NULL,13,28,0,0,'$2y$10$Cbd1l.nZsL51LpjmDTHLWu3T42kOsMULVBsu/Wr4t8wYXsH3tapQK'),('2021-07-05 10:33:37',0,478,'Mohammed amine BEKKAL',NULL,NULL,NULL,13,28,0,0,'$2y$10$etetWlE2GF3AWEjbfA4Jy.ROnVLePCWug2meKG5ZAAo.tP.WS5qIe'),('2021-07-05 10:33:37',0,479,'El houcine BELKACEMI',NULL,NULL,NULL,13,28,0,0,'$2y$10$rZfFurXxp3pSmzvdtU8NU.5kOrW6iBkCTpIjcPGtVKuGyfUPLDN7q'),('2021-07-05 10:33:37',0,480,'El miloud HABACHI',NULL,NULL,NULL,13,28,0,0,'$2y$10$1HoW/DNkzB9Ay/cHsAj19.j..kgn8chrkfDr5ETxOafABc7axUvKi'),('2021-07-05 10:33:37',0,481,'Mohssine RAMZI','Mohssine.RAMZI@radeeo.ma',NULL,NULL,13,115,0,0,'$2y$10$ruGx8STv0LblhpKp/279J.zFKeRK6irLoz3WCtgbKFuFSwP.5vRjK'),('2021-07-05 10:33:37',0,482,'Said EDDIYANE',NULL,NULL,NULL,13,28,0,0,'$2y$10$AVM7ro2fSmFD9m6vNaxXCefRHBUtvHH.qRZ7ajm/FOk5yreNxr2IO'),('2021-07-05 10:33:37',0,483,'Taoufiq EL ALAMY',NULL,NULL,NULL,13,28,0,0,'$2y$10$h2YAQ.OfAsWHWhz9Kfgg7uO0sKeBj9fmlRTFFfyscI6E8QME64Wim'),('2021-07-05 10:33:37',0,484,'Rachid JOUDAR',NULL,NULL,NULL,13,28,0,0,'$2y$10$b5c6kxKwRee.UcDKLVsJcuZoyWruqYfK1.scDhvQ7WqKlJVyZnHxK'),('2021-07-05 10:33:37',0,485,'El bekkay BAHHADI',NULL,NULL,NULL,13,28,0,0,'$2y$10$zlye3ohXxXpz173Tb1kIC.8PFqF/Hg94poK.hu4KrbbiRnxo5jM2S'),('2021-07-05 10:33:37',0,486,'Soufyane MOHAMMADINA',NULL,NULL,NULL,13,28,0,0,'$2y$10$6VugGNuV19IwBZs.gTb8C.98ImY5FdXn0wQiHWLwm7Ul2.rgudpwq'),('2021-07-05 10:33:37',0,487,'Omar TAALAT',NULL,NULL,NULL,13,28,0,0,'$2y$10$YmKH0npu8FnH0SVbaOOSCuPnxF7W2m/5gYwhtnClcoLxEWCOaFj.e'),('2021-07-05 10:33:38',0,488,'Jalal MAASSEB',NULL,NULL,NULL,13,28,0,0,'$2y$10$4fFZDkPVKsvtJ/AC6azADOutUxQs8YcNLaeMQu2L/LVcuYYsR9x.W'),('2021-07-05 10:33:38',0,489,'Adil EL HIRI',NULL,NULL,NULL,13,28,0,0,'$2y$10$/gxJd8vmQ4aui8TthZD9sOVNA3EAC5mB72t/wFvhG4JGNhk.b3qa6'),('2021-07-05 10:33:38',0,490,'Saad-eddine ATTAKHI','Saad-eddine.ATTAKHI@radeeo.ma',NULL,NULL,4,47,0,0,'$2y$10$40ZcR1mmxM5mU5erZXUXHOslFsxHqVOM3mL2KceCmbx/leD/aOA6O'),('2021-07-05 10:33:38',0,491,'Mariam AJNADA ',NULL,NULL,NULL,13,28,0,0,'$2y$10$boD94dJD4En.19WovzhajePKTK2aVf8aDvfif2VYDhgzc.sAAHhhi'),('2021-04-17 23:35:37',1,492,'Soufiane LAMRANI','soufiane.lamrani@radeeo.ma','141',NULL,1,1,1,1,'$2y$10$3jHn7H20NuaLT6W.KjjgHO6VyzMkZfSWGp7l88npdb3PrRkM/VNRK'),('2021-07-05 10:33:38',0,493,'Fatima BELAIDI',NULL,NULL,NULL,13,28,0,0,'$2y$10$JnYBcT6kuWprJufeXKnZUOb/zEKGCEzzjRKgQoTEvzUU2jdrb80v2'),('2021-07-05 10:33:38',0,494,'Zakariae BAKH',NULL,NULL,NULL,13,28,0,0,'$2y$10$.svu36SCFZqEWguLPzMVX.UIBLeKXJZCu3alwOUGfEUkxnsBmGEda'),('2021-07-05 10:33:38',0,495,'Yahya EL GUEBLI ',NULL,NULL,NULL,13,28,0,0,'$2y$10$r22U9Z4xWngl5SLx4Vaj4u8xoToNHIkB6CCB8tWCy8oAaWfgCAR9q'),('2021-07-05 10:33:38',0,496,'Ouafae SAMMER',NULL,NULL,NULL,13,28,0,0,'$2y$10$v0kLC..riBOa/g5k/Tyz6O9jSjn3VSuK.BStSBRI.gj45eLpyU1aW'),('2021-07-05 10:33:38',0,497,'Fatima-zahra ABBADI',NULL,NULL,NULL,13,28,0,0,'$2y$10$bXjItdG1EzYEUWzU3E0Ud.NHgTDwfbnn4iXzZ85Ockpi9iKSDLEMG'),('2021-07-05 10:33:38',0,498,'Hatim ZIZAOUI',NULL,NULL,NULL,13,28,0,0,'$2y$10$heI.q.tzhY1RrtkdNGUvqeQJ9DBcJrWOI6n0aYR7vzDPotX0fkHMm'),('2021-07-05 10:33:39',0,499,'Amine EL HOUARI ','Amine.ELHOUARI@radeeo.ma',NULL,NULL,4,110,0,0,'$2y$10$JvkypZuJsuwwKuFUWkjwN.sPPcWQfyfjazRIPOyxcIz/HFq6MPwiG'),('2021-07-05 10:33:39',0,500,'Hajar RGUIBI','Hajar.RGUIBI@radeeo.ma',NULL,NULL,1,26,0,0,'$2y$10$yK3TvxTwW..lTddt9HCI7uXDsyVXlULqVoQtfgn1x4nnjv8lIVvJO'),('2021-07-05 10:33:39',0,501,'Ikram MIMOUNI','ikram.mimouni@radeeo.ma',NULL,NULL,1,9,0,0,'$2y$10$sNNuj3rTvAb6kFg0Bm7Yku/w56AvH1tdriqX9dH.y6ER.G6Vd5RyW'),('2021-07-05 10:33:39',0,502,'Ahmed EL QADMI',NULL,NULL,NULL,13,28,0,0,'$2y$10$wPI1uVUflU746nrO8ICda.wgbfMXbB7d/4Ogm6A8wA2zAkU3SsC4m'),('2021-07-05 10:33:39',0,503,'Mohammed SOULIMANI ','Mohammed.SOULIMANI@radeeo.ma',NULL,NULL,4,109,0,0,'$2y$10$.EGbDinNEefn2DPLs4vn9OdH7ofuHTUUaMyN7OyRzW7ZbVc6netZC'),('2021-07-05 10:33:39',0,504,'Mohammed BENATAYA ',NULL,NULL,NULL,13,28,0,0,'$2y$10$2Zphi1AOarqo6wXyxBJ54Olhs02F2CxPhgZDLqYVfq.SCQ0TLJ9Gi'),('2021-07-05 10:33:39',0,505,'Laila HAMMOUTEN',NULL,NULL,NULL,13,28,0,0,'$2y$10$lncqaQ42G.LOS2LIGJxX.uJgdlXUZ5T621d3NBuH6emOsuX8xsoSS'),('2021-07-05 10:33:39',0,506,'Ahmed ZERROUKI',NULL,NULL,NULL,13,28,0,0,'$2y$10$LSZlDVO9bmiZ/osVO/xs6eGGBv0frhA/c41UxMOCjBr.sGX/ODrEy'),('2021-07-05 10:33:39',0,507,'Omar KABBOURI',NULL,NULL,NULL,13,28,0,0,'$2y$10$9GNOrk5OobjclZcFrxTzteVcYCdplQiuerLoSQapnRDO6INr1mdmq'),('2021-07-05 10:33:39',0,508,'Mustapha ARDIF',NULL,NULL,NULL,13,28,0,0,'$2y$10$Vl97Wg5dj1OA/8oiZ60.SOl.SKCo44sj5oGP4NN.s3yKPKi2h6Nba'),('2021-07-05 10:33:39',0,509,'Hicham ISSOUMMER ',NULL,NULL,NULL,13,28,0,0,'$2y$10$N4aLsuqzTIYdT4kHR5.Q0.VlDUEvqcDh03df23FXLCup34QQeTu3y'),('2021-07-05 10:33:40',0,510,'Abdelkarim BAHHADI ','Abdelkarim.BAHHADI@radeeo.ma',NULL,NULL,4,119,0,0,'$2y$10$LLlhLVhYw4nhskpAndXGOu/R2Ks8G3QKmVqI83W0.lummpWROaixe'),('2021-07-05 10:33:40',0,511,'SIHAM NAJMI','SIHAM.NAJMI@radeeo.ma',NULL,NULL,1,23,0,0,'$2y$10$O1CmX0vLzJDaZH/XbVYN9e8010BoPUSSFrdk9wQIPyhrJH7F4/Upe'),('2021-07-05 10:33:40',0,512,'OTHMANE OUAZZANI TAIBI',NULL,NULL,NULL,13,28,0,0,'$2y$10$1b4AJf3bxN5JyOAh7YvWEOu5WCnTaFfdTCgYRtSodYhGjdfZ5CDNe'),('2021-07-05 10:33:40',0,513,'YASSINE HAKMI',NULL,NULL,NULL,13,28,0,0,'$2y$10$g0orbJhnS7ygP1np.qL5F.dXjFSwz2J.36aOn5XLgv/l3jt1rzMaK'),('2021-07-05 10:33:40',0,514,'HAYTAM RBII','HAYTAM.RBII@radeeo.ma',NULL,NULL,4,109,0,0,'$2y$10$65C5obwGcRBk5mJftemINeWToxSqIzlF.hrVMi5JsAZrpjrx7NyvO'),('2021-07-05 10:33:40',0,515,'HAFSA  MEJHOUDI','HAFSA.MEJHOUDI@radeeo.ma',NULL,NULL,4,30,0,0,'$2y$10$nrhlf40aDy47KkXOL4VWw.iR4RRwZz82cWi0p.F99JLdKLh2bD/hS'),('2021-07-05 10:33:40',0,516,'KHALED  MOUFAKKIR','KHALED.MOUFAKKIR@radeeo.ma',NULL,NULL,4,48,0,0,'$2y$10$lXFgljyokkur0l8LDQ.B1OGCTTjepsWp9DdCptMZRUoZbI0kQuOPu'),('2021-07-05 10:33:40',0,517,'SALIMA  EL ATMANI',NULL,NULL,NULL,13,28,0,0,'$2y$10$Sr2yCCAkFrtDSHClUwK2J.J3eA3g8kfRjZugwNEfSevKyRyVOH8qW'),('2021-07-05 10:33:40',0,518,'ITAB  JBILOU','ITAB.JBILOU@radeeo.ma',NULL,NULL,1,25,0,0,'$2y$10$T/s2xWsmueqxTO5mw6HPB.flBD.9l.hSoQyS9Y9quasuMxW9x3kzy'),('2021-07-05 10:33:40',0,519,'HAMZA  HEBBOUR',NULL,NULL,NULL,13,28,0,0,'$2y$10$2OPzFcTe7lTNlV/7Cw3.d.EgnaNwQld3RbXV3eUnH.wVOOb7Eqsvq'),('2021-07-05 10:33:40',0,520,'MOUHCINE  MAHJOUBI',NULL,NULL,NULL,13,28,0,0,'$2y$10$deoH4.CFPm065optEmozteNT1GnjN/xYPo0NdOIrs9k7qIt9ezT86'),('2021-07-05 10:33:41',0,521,'MOHAMMED ALLA',NULL,NULL,NULL,13,28,0,0,'$2y$10$jdcxugXWMYq4h9a.zIIX5ezEwh0N6SdR5s.XEPk6U.LQesKWjAXBu'),('2021-07-05 10:33:41',0,522,'OUALID  BOUKHLOUF',NULL,NULL,NULL,13,28,0,0,'$2y$10$/jFWPY0cO8186h9ARrJzyuFIbirlwiiaZIICme8H2HzXPLHQD71s6'),('2021-07-05 10:33:41',0,523,'AHMED  BELAIDI',NULL,NULL,NULL,13,28,0,0,'$2y$10$NaaArcne3qqdKSQ46Idcw.QPC/fl7LJvvneAdmbSdpzM4.m122SS6'),('2021-07-05 10:33:41',0,524,'FATIMA ZAHRA  MOUSTARHAT','fatimazahra.moustarhat@radeeo.ma',NULL,NULL,1,17,0,0,'$2y$10$W/QX7CJ2LjZsvARHAVXDY.tFC1lPBwCtJWc3xOultxwEUG./TTqoq'),('2021-07-05 10:33:41',0,525,'HICHAM  QERRACH',NULL,NULL,NULL,13,28,0,0,'$2y$10$r79qbslLLsJoG1ujs.uk7uVkA4Q/btVFlAYs1B/tCwlXEVniqH4Cy'),('2021-07-05 10:33:41',0,526,'MOULAY ABDELHAKIM  BAHABIBI',NULL,NULL,NULL,13,28,0,0,'$2y$10$mOvNNDR/2XhPanaUrfpO7eYeMjXkQw0Uthe1m/81iyrIAK2elbH8q'),('2021-07-05 10:33:41',0,527,'OMAR  KETTOUYI',NULL,NULL,NULL,13,28,0,0,'$2y$10$3HPYTZeLhXhOLlLHdPFDT.NIo.Poys31Qs/Y2sSf5jvK5PeLsKwp.'),('2021-07-05 10:33:41',0,528,'NOUREDDINE  CHANI',NULL,NULL,NULL,13,28,0,0,'$2y$10$qBBZh0d1F.OxHx7vySS7L.x3L.nZ62IHmDdB4CEmomBEa.l/9./S.'),('2021-05-05 12:48:03',0,638,'FATIMA ZAHRA NEZZAGHI','FATIMAZAHRA.NEZZAGHI@radeeo.ma',NULL,NULL,1,32,0,0,'$2y$10$a5TGJ/PWEmIqbzbvvbawcu4BZglFwEeVH5MwALtd31jsfJs1Y75G2'),('2021-05-05 12:48:03',0,1126,'LOTFI BERRIAH',NULL,NULL,NULL,13,28,0,0,'$2y$10$2.5fhygL6yV6Dzfns3xEme07esh637hiLvV1BofxM7QaDSyBrJkm.'),('2021-07-05 10:33:41',0,1159,'Safae AMARTI RIFFI',NULL,NULL,NULL,13,28,0,0,'$2y$10$pgeDsdE2pjVqfKGarn.YMepxy6L.HJEiQGQIkeej/t457tmYeWDD6'),('2021-04-17 23:35:37',1,1418,'Yassine BAKHTAOUI','yassine.bakhtaoui@radeeo.ma','171','',1,1,1,1,'$2y$10$4/kitcX/XOUkbQc7GCXOzuqqBw8SWL0zPB506ZTNGLWeUFxaa1kuS'),('2021-05-05 12:48:03',0,1617,'MOUNIR BELAOUCHI',NULL,NULL,NULL,13,28,0,0,'$2y$10$M639OwiLj3oY45HiNAbfie44QWoGtbsPemmB46HihcW752jCYb16e'),('2021-07-06 08:26:51',0,2112,'Loubna Benkassou','loubna.benkassou@adeeo.ma','','',1,94,0,0,'$2y$10$B/Fq1PB//xC/4I.WXiYdzeoYIHLBkkcUhAXNc/yF.HVC55c2qfHCq'),('2021-05-05 12:48:03',0,2826,'ABDELOUAHAD MOUSSA',NULL,NULL,NULL,13,28,0,0,'$2y$10$8iJ7zXo7.OA7.fwtg2BwGOt3KsX7INSOiT4hjUD7tQgRpfyMgnlre'),('2021-05-05 12:48:03',0,2908,'YAMINA MOUMNI',NULL,NULL,NULL,13,28,0,0,'$2y$10$WYELz.tkGusVFRwc.Qxd9uPjsuywDWrF38jxBBgJ47FlCiFrCmqKq'),('2021-09-15 11:53:34',0,9072,'BENCHIBA Yahia','yahia.benchiba@radeeo.ma',NULL,NULL,4,109,0,0,NULL),('2021-09-15 12:15:47',0,9193,'SADDIKI Mohamed','SADDIKI.Mohamed@radeeo.ma',NULL,NULL,4,118,0,0,NULL),('2021-08-12 11:32:08',0,40515,'ahmed khalil el basri','amine@gmail.Com',NULL,NULL,1,1,0,0,NULL);
/*!40000 ALTER TABLE `agents` ENABLE KEYS */;
UNLOCK TABLES;

--
-- Table structure for table `designation`
--

DROP TABLE IF EXISTS `designation`;
/*!40101 SET @saved_cs_client     = @@character_set_client */;
/*!50503 SET character_set_client = utf8mb4 */;
CREATE TABLE `designation` (
  `idDesignation` int NOT NULL AUTO_INCREMENT,
  `designation` varchar(45) DEFAULT NULL,
  `idtype` int DEFAULT NULL,
  PRIMARY KEY (`idDesignation`),
  KEY `idtype_idx` (`idtype`) /*!80000 INVISIBLE */,
  CONSTRAINT `idtype` FOREIGN KEY (`idtype`) REFERENCES `typemateriel` (`id`)
) ENGINE=InnoDB AUTO_INCREMENT=3404 DEFAULT CHARSET=utf8mb3;
/*!40101 SET character_set_client = @saved_cs_client */;

--
-- Dumping data for table `designation`
--

LOCK TABLES `designation` WRITE;
/*!40000 ALTER TABLE `designation` DISABLE KEYS */;
INSERT INTO `designation` VALUES (1,'Lenovo g580',3),(2721,'Imprimante 3 en 1 Couleur',5),(2722,'Imprimante étiquettes GODEX G530',5),(2723,'Ordinateur HP Pro3400 i3',3),(2724,'Micro-Ordinateur HP PRODESK 600G1',3),(2725,'Ordinateur portable HP Pro Book 430',3),(2726,'Imprimante laser monochr HP P1102',5),(2727,'Imprimante thermique',5),(2728,'Imprimante thermique',5),(2729,'Imprimante thermique',5),(2730,'Imprimante thermique',5),(2731,'Imprimante thermique',5),(2732,'Imprimante laser monochr HP P1102',5),(2733,'Micro-Ordinateur DELL Inspiron 545',3),(2734,'Ordinateur HP Pro3400 i3',3),(2735,'Micro-ordinateur HP pro 3500 MT',3),(2736,'Micro-ordinateur HP pro 3500 MT',3),(2737,'Micro-Ordinateur HP PRODESK 600G1',3),(2738,'Disque Dur Externe capacité 2To',31),(2739,'Imprimante laser couleur HP CP3525n',5),(2740,'Imprimante HP laser JetPro P1100',5),(2741,'Imprimante Xerox Versa Link c7025',5),(2742,'Micro-Ordinateur DELL Inspiron 545',3),(2743,'Macbook Pro13 I7 2,9GHz',3),(2744,'PC portable MacBook Pro 13\" I5',3),(2745,'IMPRIMANTE LASER HP 1020',5),(2746,'IMPRIMANTE LASER HP',5),(2747,'IMPRIMANTE HP LASERJET 1022',5),(2748,'Imprimante laser couleur HP CP3525n',5),(2749,'Imprimante HP LASERJET PRO M125 a',5),(2750,'Imprimante HP LASERJET PRO M125 a',5),(2751,'MICRO ORDINATEUR HP P4',3),(2752,'Micro-Ordinateur DELL Inspiron 545',3),(2753,'Ordinateur HP Pro3400 i3',3),(2754,'Station travail HP Intel Xeon W2102',3),(2755,'Imprim.A3 monochr. LEXMARK MS911DE',5),(2756,'Imprim.A3 monochr. LEXMARK MS911DE',5),(2757,'Imprim.monochr A3 XEROX Phaser 5550',5),(2758,'Socle Chargem.TSP WAP4 1 place',27),(2759,'Socle Chargem.TSP WAP4 4 places',27),(2760,'Socle Chargem.TSP WAP4 1 place',27),(2761,'Socle Chargem.TSP WAP4 4 places',27),(2762,'TSP Dolphin 99EX',26),(2763,'TSP Dolphin 99EX',26),(2764,'TSP Dolphin 99EX',26),(2765,'TSP Dolphin 99EX',26),(2766,'TSP Dolphin 99EX',26),(2767,'TSP Dolphin 99EX',26),(2768,'TSP Dolphin 99EX',26),(2769,'TSP Dolphin 99EX',26),(2770,'TSP Dolphin 99EX',26),(2771,'TSP Dolphin 99EX',26),(2772,'TSP WAP4',26),(2773,'TSP WAP4',26),(2774,'TSP WAP4',26),(2775,'TSP WAP4',26),(2776,'TSP WAP4',26),(2777,'TSP WAP4',26),(2778,'TSP WAP4',26),(2779,'TSP WAP4',26),(2780,'Imprimante monochr Lexmark MS911de',5),(2781,'Imprimante monochr Lexmark MS911de',5),(2782,'Imprimante monochr Lexmark MS911de',5),(2783,'Réseau informatique Ag. TANMIA',28),(2784,'Réseau informatique Ag.TANMIA',28),(2785,'Réseau informatique TANMIA.',28),(2786,'Réseau informatique TANMIA.',28),(2787,'Réseau informatique TANMIA.',28),(2788,'Réseau informatique TANMIA.',28),(2789,'Ordinateur portable HPProBook 450G3',3),(2790,'Imprimante laser monochr HP P1102',5),(2791,'Micro-Ordinateur DELL Inspiron 545',3),(2792,'Ordinateur HP Pro3400 i3',3),(2793,'IMPRIMANTE HP LASER 1100',5),(2794,'Réseau informatique LAZARET',28),(2795,'Réseau informatique LAZARET',28),(2796,'Réseau informatique Ag. Lazaret',28),(2797,'Réseau informatique Ag. Lazaret',28),(2798,'Réseau informatique Lazaret.',28),(2799,'Réseau informatique Lazaret.',28),(2800,'ONDULEUR ELLIPSE 300 VA',42),(2801,'Réseau informatique DERFOUFI.',28),(2802,'Réseau informatique DERFOUFI.',28),(2803,'Imprimante Xerox Versa Link c7025',5),(2804,'Ordinateur portable 15‘’ LENOVO i7',3),(2805,'Micro-Ordinateur HP PRODESK 600G1',3),(2806,'Micro-Ordinateur HP PRODESK 600G1',3),(2807,'Chargeur pour TSP CRADELE',47),(2808,'Chargeur pour TSP CRADELE',47),(2809,'Chargeur pour TSP CRADELE',47),(2810,'IMPRIMANTE HP LASERJET 1022',5),(2811,'Imprimante laser monochr HP P1102',5),(2812,'Imprimante laser monochr HP P1102',5),(2813,'Imprimante laser monochr HP P1102',5),(2814,'Lecteur Codes ZEBRA SYMBOL LS 2208',25),(2815,'Lecteur Codes ZEBRA SYMBOL LS 2208',25),(2816,'Lecteur Codes ZEBRA SYMBOL LS 2208',25),(2817,'Lecteur Codes ZEBRA SYMBOL LS 2208',25),(2818,'Lecteur Codes ZEBRA SYMBOL LS 2208',25),(2819,'Lecteur Codes ZEBRA SYMBOL LS 2208',25),(2820,'Lecteur Codes ZEBRA SYMBOL LS 2208',25),(2821,'Lecteur Codes ZEBRA SYMBOL LS 2208',25),(2822,'Lecteur Codes ZEBRA SYMBOL LS 2208',25),(2823,'Lecteur Codes ZEBRA SYMBOL LS 2208',25),(2824,'Lecteur Codes ZEBRA SYMBOL LS 2208',25),(2825,'Lecteur Codes ZEBRA SYMBOL LS 2208',25),(2826,'Lecteur Codes ZEBRA SYMBOL LS 2208',25),(2827,'Lecteur Codes ZEBRA SYMBOL LS 2208',25),(2828,'Lecteur Codes ZEBRA SYMBOL LS 2208',25),(2829,'Lecteur Codes ZEBRA SYMBOL LS 2208',25),(2830,'Lecteur Codes ZEBRA SYMBOL LS 2208',25),(2831,'Lecteur Codes ZEBRA SYMBOL LS 2208',25),(2832,'MICRO HP-COMPAQ PIV',3),(2833,'Micro acer aspire p4',3),(2834,'Micro-Ordinateur Intel Dual Core',3),(2835,'Ordinateur HP Pro3400 i3',3),(2836,'Micro-Ordinateur HP PRODESK 600G1',3),(2837,'Micro-Ordinateur HP PRODESK 600G1',3),(2838,'Ordinateur portable HPProBook 450G3',3),(2839,'ONDULEUR ELIPSE 300 VA',42),(2840,'TSP Honeywell Dolphin 99EX +access.',26),(2841,'TSP Honeywell Dolphin 99EX +access.',26),(2842,'TSP Honeywell Dolphin 99EX +access.',26),(2843,'TSP Honeywell Dolphin 99EX +access.',26),(2844,'TSP Honeywell Dolphin 99EX +access.',26),(2845,'TSP Honeywell Dolphin 99EX +access.',26),(2846,'TSP de Marque Dolphin 99 ex',26),(2847,'TSP de Marque Dolphin 99 ex',26),(2848,'TSP de Marque Dolphin 99 ex',26),(2849,'TSP de Marque Dolphin 99 ex',26),(2850,'TSP de Marque Dolphin 99 ex',26),(2851,'TSP de Marque Dolphin 99 ex',26),(2852,'TSP de Marque Dolphin 99 ex',26),(2853,'TSP de Marque Dolphin 99 ex',26),(2854,'TSP de Marque Dolphin 99 ex',26),(2855,'TSP de Marque Dolphin 99 ex',26),(2856,'TSP de Marque Dolphin 99 ex',26),(2857,'TSP de Marque Dolphin 99 ex',26),(2858,'Imprimante HP LASERJET PRO M125 a',5),(2859,'Micro-Ordinateur HP PRODESK 600G1',3),(2860,'Micro-Ordinateur HP PRODESK 600G1',3),(2861,'Micro-Ordinateur HP PRODESK 600G1',3),(2862,'Micro-Ordinateur HP PRODESK 600G1',3),(2863,'Micro-Ordinateur HP PRODESK 600G1',3),(2864,'Imprimante HP LASERJET PRO M125 a',5),(2865,'Micro-Ordinateur HP PRODESK 600G1',3),(2866,'Micro-Ordinateur HP PRODESK 600G1',3),(2867,'Micro-Ordinateur HP PRODESK 600G1',3),(2868,'Micro-Ordinateur HP PRODESK 600G1',3),(2869,'Micro-Ordinateur HP PRODESK 600G1',3),(2870,'Micro-Ordinateur HP PRODESK 600G1',3),(2871,'UTM SD-RED60',44),(2872,'UTM SD-RED60',44),(2873,'Adaptateur cisco MGBT1 de secours',32),(2874,'Adaptateur cisco MGBT1 de secours',32),(2875,'Adaptateur cisco MGBT1 de secours',32),(2876,'Adaptateur cisco MGBT1 de secours',32),(2877,'Adaptateur cisco MGBT1 de secours',32),(2878,'Armoire 42U (L x P x H) 80 x 80 x 2',29),(2879,'Armoire 42U 19 pouces P600 7baies',29),(2880,'Armoire informatique 42U 19\"',29),(2881,'Installation Réseau inf Laboratoire',29),(2882,'Install Rés Agence Tanmia',29),(2883,'Disque dur externe 2,5\" 500Go',31),(2884,'Disque dur pour serveur HP 250Gb',31),(2885,'Disque dur pour serveur HP 250Gb',31),(2886,'Disque Dur Extern 4To pour Cyberoam',31),(2887,'Disque dur externe 2 To',31),(2888,'Disque dur externe 6 To',31),(2889,'Disque dur externe 6 To',31),(2890,'Disque dur externe 6 To',31),(2891,'Disque dur externe ultra slim 500Go',31),(2892,'Disque dur externe 2To',31),(2893,'Onduleur grande capacité 20 Kva',33),(2894,'Graveur Lecteur DVD externe USB 3.0',34),(2895,'Graveur Lecteur DVD externe USB 3.0',34),(2896,'HUB 8 PORTS',37),(2897,'IMPRIMANTE MATRICIELLE',5),(2898,'IMPRIMANTE MATRICIELLE',5),(2899,'IMPRIMANTE MATRICIELLE',5),(2900,'IMPRIMANTE MATRICIELLE',5),(2901,'IMPRIMANTE MATRICIELLE',5),(2902,'IMPRIMANTE MATRICIELLE',5),(2903,'IMPRIMANTE MATRICIELLE',5),(2904,'IMPRIMANTE MATRICIELLE',5),(2905,'IMPRIMANTE HP LASERJET 1022',5),(2906,'IMPRIMANTE LAZER COULEUR HP5550DN',5),(2907,'IMPRIMANTE LASER MONOCHR HP 9050DN',5),(2908,'Imprimante Laser A4 N/B',5),(2909,'Imprimante Laser A4 N/B',5),(2910,'Imprimante Laser A4 N/B',5),(2911,'Imprimante Laser Monochrom HP9050dn',5),(2912,'Imprimante HP CM6040MFP',5),(2913,'Imprimante laser couleur HP CP3525n',5),(2914,'Imprimante couleur A4 HP CM3530MFP',5),(2915,'Imprimante laser monochr HP P1102',5),(2916,'Imprimante Las coul A4 3en1 CM3530',5),(2917,'Imprimante HP laser JetPro P1100',5),(2918,'Imprimante HP laser JetPro P1100',5),(2919,'Imprimante HP laser JetPro P1100',5),(2920,'Imprimante HP laser JetPro P1100',5),(2921,'Imprimante HP laser JetPro P1100',5),(2922,'Imprimante HP laser JetPro P1100',5),(2923,'Imprimante HP laser JetPro P1100',5),(2924,'Imprimante HP laser JetPro P1100',5),(2925,'Imprimante HP laser JetPro P1100',5),(2926,'Imprimante HP Color laserJet CP5525',5),(2927,'Imprimante HP Color LaserJet CM3530',5),(2928,'Imprimante Laser couleur HP CM3530',5),(2929,'Imprimante laser noir',5),(2930,'Imprimante laser noir',5),(2931,'Imprimante laser noir',5),(2932,'Imprimante laser noir',5),(2933,'Imprimante laser noir',5),(2934,'Imprimante laser noir',5),(2935,'Imprimante laser noir',5),(2936,'Imprimante laser noir',5),(2937,'Imprimante thermique Monochrome 80',5),(2938,'Imprimante thermique Monochrome 80',5),(2939,'Imprimante thermique Monochrome 80',5),(2940,'Imprimante thermique Monochrome 80',5),(2941,'Imprimante thermique Monochrome 80',5),(2942,'Imprimante thermique Monochrome 80',5),(2943,'Imprimante laser monochrome',5),(2944,'Imprimante laser monochrome',5),(2945,'Imprimante laser monochrome',5),(2946,'Imprimante laser monochrome',5),(2947,'Imprimante laser monochrome',5),(2948,'Imprimante laser monochrome',5),(2949,'Imprimante laser monochrome A3',5),(2950,'Imprimante laser monochrome A3',5),(2951,'Imprimante Laser N/B HP P1102',5),(2952,'Imprimante Laser N/B HP P1102',5),(2953,'Imprimante Laser N/B HP P1102',5),(2954,'Imprimante Laser N/B HP P1102',5),(2955,'Imprimante laser N/B Xerox Phaser',5),(2956,'Imprimante Laser N/B HP P1102',5),(2957,'Imprimante Laser N/B HP P1102',5),(2958,'Imprimante Laser N/B HP P1102',5),(2959,'Imprimante Laser N/B HP P1102',5),(2960,'Imprimante laser N/B Xerox Phaser',5),(2961,'Imprimante 3 en 1 HP500 M575dn',5),(2962,'Imprimante laserJet HP P1102',5),(2963,'Imprimante laserJet HP P1102',5),(2964,'Imprimante laserJet HP P1102',5),(2965,'Imprimante laserJet HP P1102',5),(2966,'Imprimante laserJet HP P1102',5),(2967,'Imprimante laserJet HP P1102',5),(2968,'Imprimante laserJet HP P1102',5),(2969,'Imprimante laserJet HP P1102',5),(2970,'Imprimante laserJet HP P1102',5),(2971,'Imprimante laserJet HP P1102',5),(2972,'Imprimante Therm. EPSON TM T88V',5),(2973,'Imprim. laser monochr.A3 XEROX 5550',5),(2974,'Imprim.laser multifonc. MFP M127 FW',5),(2975,'Imprimante Laser N/B HP P1102',5),(2976,'Imprimante Laser N/B HP P1102',5),(2977,'Imprimante Laser N/B HP P1102',5),(2978,'Imprimante Laser N/B HP P1102',5),(2979,'Imprimante Laser N/B HP P1102',5),(2980,'Imprimante Laser N/B HP P1102',5),(2981,'Imprimante Laser N/B HP P1102',5),(2982,'Imprimante Laser N/B HP P1102',5),(2983,'Imprimante Laser N/B HP P1102',5),(2984,'Imprimante Laser N/B HP P1102',5),(2985,'Imprimante Therm. EPSON TM T88V',5),(2986,'Imprimante Therm. EPSON TM T88V',5),(2987,'Imprim.3en1couleur HP X551 DW',5),(2988,'Imprim.laser multifonc. MFP M127 FW',5),(2989,'Imprim.laser multifonc. MFP M127 FW',5),(2990,'Imprimante A3 XEROX PHASER 5550 dn',5),(2991,'Imprimante monochrome LEXMARK T654',5),(2992,'Imprimante laser KYOCERA FS-1040',5),(2993,'Imprimante laser KYOCERA FS-1040',5),(2994,'Imprimante laser KYOCERA FS-1040',5),(2995,'Imprimante laser KYOCERA FS-1040',5),(2996,'Imprimante laser KYOCERA FS-1040',5),(2997,'Imprimante laser KYOCERA FS-1040',5),(2998,'Imprimante laser KYOCERA FS-1040',5),(2999,'Imprimante laser KYOCERA FS-1040',5),(3000,'Imprimante laser KYOCERA FS-1040',5),(3001,'Imprimante laser KYOCERA FS-1040',5),(3002,'Imprimante laser KYOCERA FS-1040',5),(3003,'Imprimante laser KYOCERA FS-1040',5),(3004,'Imprimante laser KYOCERA FS-1040',5),(3005,'Imprimante laser KYOCERA FS-1040',5),(3006,'Imprimante laser KYOCERA FS-1040',5),(3007,'Imprimante laser KYOCERA FS-1040',5),(3008,'Imprimante laser KYOCERA FS-1040',5),(3009,'Imprimante laser KYOCERA FS-1040',5),(3010,'Imprimante laser KYOCERA FS-1040',5),(3011,'Imprimante laser KYOCERA FS-1040',5),(3012,'Imprimante laser KYOCERA FS-1040',5),(3013,'Imprimante laser KYOCERA FS-1040',5),(3014,'Imprimante laser KYOCERA FS-1040',5),(3015,'Imprimante laser KYOCERA FS-1040',5),(3016,'Imprimante laser KYOCERA FS-1040',5),(3017,'Imprimante laser  Couleur  A3',5),(3018,'Imprimante laser  Couleur  A3',5),(3019,'Imprimante laser  Couleur  A3',5),(3020,'Imprimante laser monochrome',5),(3021,'Imprimante laser monochrome',5),(3022,'Imprimante laser monochrome',5),(3023,'Imprimante laser monochrome',5),(3024,'Imprimante laser monochrome',5),(3025,'Imprimante laser monochrome',5),(3026,'Imprimante laser monochrome',5),(3027,'Imprimante laser monochrome',5),(3028,'Imprimante laser monochrome',5),(3029,'Imprimante laser monochrome',5),(3030,'Imprimante laser monochrome',5),(3031,'Imprimante laser monochrome',5),(3032,'Imprimante laser monochrome',5),(3033,'Imprimante laser monochrome',5),(3034,'Imprimante laser monochrome',5),(3035,'Imprimante multifonction 3 en 1',5),(3036,'Imprimante multifonction 3 en 1',5),(3037,'Imprimante multifonction 3 en 1',5),(3038,'Imprimante multifonction 3 en 1',5),(3039,'Imprimante multifonction 3 en 1',5),(3040,'Imprimante multifonction 3 en 1',5),(3041,'Imprimante multifonction 3 en 1',5),(3042,'Imprimante multifonction 3 en 1',5),(3043,'Imprimante multifonction 3 en 1',5),(3044,'Imprimante multifonction 3 en 1',5),(3045,'Imprimante HP LaserJet Pro M130fw',5),(3046,'Imprimante HP LaserJet Pro M130fw',5),(3047,'Imprimante HP LaserJet Pro M130fw',5),(3048,'Imprimante HP LaserJet Pro M130fw',5),(3049,'Imprimante HP LaserJet Pro M130fw',5),(3050,'Imprimante HP LaserJet Pro M130fw',5),(3051,'Imprimante HP LaserJet Pro M130fw',5),(3052,'Imprimante HP LaserJet Pro M130fw',5),(3053,'Imprimante HP LaserJet Pro M130fw',5),(3054,'Imprimante HP LaserJet Pro M130fw',5),(3055,'HP Color LaserJet Entreprise M750dn',5),(3056,'HP Color LaserJet Entreprise M750dn',5),(3057,'HP Color LaserJet Entreprise M750dn',5),(3058,'Imprimante laser LEXMARK B2338',5),(3059,'Imprimante laser LEXMARK B2338',5),(3060,'Imprimante laser LEXMARK B2338',5),(3061,'Imprimante laser LEXMARK B2338',5),(3062,'Imprimante laser LEXMARK B2338',5),(3063,'Imprimante laser LEXMARK B2338',5),(3064,'Imprimante laser LEXMARK B2338',5),(3065,'Imprimante laser LEXMARK B2338',5),(3066,'Imprimante laser LEXMARK B2338',5),(3067,'Imprimante laser LEXMARK B2338',5),(3068,'Imprimante laser LEXMARK B2338',5),(3069,'Imprimante laser LEXMARK B2338',5),(3070,'Imprimante laser LEXMARK B2338',5),(3071,'Imprimante laser LEXMARK B2338',5),(3072,'Imprimante laser LEXMARK B2338',5),(3073,'Imprimante Lexmark B2338dw 36SC130',5),(3074,'Imprimante Lexmark B2338dw 36SC130',5),(3075,'Imprimante Lexmark B2338dw 36SC130',5),(3076,'Imprimante Lexmark B2338dw 36SC130',5),(3077,'Imprimante Lexmark B2338dw 36SC130',5),(3078,'Imprimante Lexmark B2338dw 36SC130',5),(3079,'Imprimante Lexmark B2338dw 36SC130',5),(3080,'Imprimante Lexmark B2338dw 36SC130',5),(3081,'Imprimante Lexmark B2338dw 36SC130',5),(3082,'Imprimante Lexmark B2338dw 36SC130',5),(3083,'Imprimante Lexmark B2338dw 36SC130',5),(3084,'Imprimante Lexmark B2338dw 36SC130',5),(3085,'Imprimante Lexmark B2338dw 36SC130',5),(3086,'Imprimante Lexmark B2338dw 36SC130',5),(3087,'Imprimante Lexmark B2338dw 36SC130',5),(3088,'Imprimante HP LaserJet Pro M130fw',5),(3089,'Imprimante HP LaserJet Pro M130fw',5),(3090,'Imprimante HP LaserJet Pro M130fw',5),(3091,'Imprimante HP LaserJet Pro M130fw',5),(3092,'Imprimante HP LaserJet Pro M130fw',5),(3093,'Imprimante HP LaserJet Pro M130fw',5),(3094,'Imprimante HP LaserJet Pro M130fw',5),(3095,'Imprimante HP LaserJet Pro M130fw',5),(3096,'Imprimante HP LaserJet Pro M130fw',5),(3097,'Imprimante HP LaserJet Pro M130fw',5),(3098,'Imprimante HP LaserJet Pro M130fw',5),(3099,'Imprimante HP LaserJet Pro M130fw',5),(3100,'Imprimante HP LaserJet Pro M130fw',5),(3101,'Imprimante HP LaserJet Pro M130fw',5),(3102,'Imprimante HP LaserJet Pro M130fw',5),(3103,'Micro ordinateur acer aspire p4',3),(3104,'Micro-Ordinateur Intel Dual Core',3),(3105,'Micro-ordinateur portable DELL Insp',3),(3106,'Micro-ordinateur portable DELL Insp',3),(3107,'Ordinateur portable ELITE BOOK8370W',3),(3108,'Micro-ordinateur DELL VOSTRO 430',3),(3109,'Micro-ordinateur DELL VOSTRO 430',3),(3110,'Micro-ordinateur DELL VOSTRO 430',3),(3111,'Micro-ordinateur DELL VOSTRO 430',3),(3112,'Micro-ordinateur DELL VOSTRO 430',3),(3113,'Micro-ordinateur DELL VOSTRO 430',3),(3114,'Micro-ordinateur DELL VOSTRO 430',3),(3115,'Micro-ordinateur DELL VOSTRO 430',3),(3116,'Micro-ordinateur DELL VOSTRO 430',3),(3117,'Micro-ordinateur DELL VOSTRO 430',3),(3118,'Micro-ordinateur DELL VOSTRO 430',3),(3119,'Micro-ordinateur DELL VOSTRO 430',3),(3120,'Micro-ordinateur DELL VOSTRO 430',3),(3121,'Micro-ordinateur DELL VOSTRO 430',3),(3122,'Micro-ordinateur DELL VOSTRO 430',3),(3123,'Micro-ordinateur DELL VOSTRO 430',3),(3124,'Micro-ordinateur DELL VOSTRO 430',3),(3125,'PC portable DELL Latitude E5510',3),(3126,'PC portable DELL Latitude E5510',3),(3127,'PC portable HP Elite Book 2540 p',3),(3128,'PC HP Omni 200-5330 fr Desktop',3),(3129,'PC HP Omni 200-5330 fr Desktop',3),(3130,'PC HP Omni 200-5330 fr Desktop',3),(3131,'PC HP Omni 200-5330 fr Desktop',3),(3132,'PC HP Omni 200-5330 fr Desktop',3),(3133,'PC HP Omni 200-5330 fr Desktop',3),(3134,'PC HP Omni 200-5330 fr Desktop',3),(3135,'PC portable HP G62-b30EF Notebook',3),(3136,'PC portable HP G62-b30EF Notebook',3),(3137,'PC portable HP G62-b30EF Notebook',3),(3138,'PC portable SONY VPCZ13V5E 13',3),(3139,'Ordinateur HP Pro3400 i3',3),(3140,'Ordinateur  HP Pro 3500 Core i3',3),(3141,'Ordinateur  HP Pro 3500 Core i3',3),(3142,'Ordinateur  HP Pro 3500 Core i3',3),(3143,'Ordinateur  HP Pro 3500 Core i3',3),(3144,'Ordinateur  HP Pro 3500 Core i3',3),(3145,'Ordinateur  HP Pro 3500 Core i3',3),(3146,'Ordinateur  HP Pro 3500 Core i3',3),(3147,'Ordinateur  HP Pro 3500 Core i3',3),(3148,'Ordinateur  HP Pro 3500 Core i3',3),(3149,'Ordinateur  HP Pro 3500 Core i3',3),(3150,'Ordinateur  HP Pro 3500 Core i3',3),(3151,'Ordinateur  HP Pro 3500 Core i3',3),(3152,'Ordinateur  HP Pro 3500 Core i3',3),(3153,'Micro ordinateur DELL OPTIPLEX 3020',3),(3154,'Micro ordinateur DELL OPTIPLEX 3020',3),(3155,'Micro ordinateur DELL OPTIPLEX 3020',3),(3156,'Micro ordinateur DELL OPTIPLEX 3020',3),(3157,'Micro ordinateur DELL OPTIPLEX 3020',3),(3158,'Micro ordinateur DELL OPTIPLEX 3020',3),(3159,'Micro ordinateur DELL OPTIPLEX 3020',3),(3160,'Micro ordinateur DELL OPTIPLEX 3020',3),(3161,'Micro ordinateur DELL OPTIPLEX 3020',3),(3162,'Micro ordinateur DELL OPTIPLEX 3020',3),(3163,'Micro ordinateur DELL OPTIPLEX 3020',3),(3164,'Micro ordinateur DELL OPTIPLEX 3020',3),(3165,'Micro ordinateur DELL OPTIPLEX 3020',3),(3166,'Micro ordinateur DELL OPTIPLEX 3020',3),(3167,'Micro ordinateur DELL OPTIPLEX 3020',3),(3168,'Micro ordinateur DELL OPTIPLEX 3020',3),(3169,'Micro ordinateur DELL OPTIPLEX 3020',3),(3170,'Micro ordinateur DELL OPTIPLEX 3020',3),(3171,'Micro ordinateur DELL OPTIPLEX 3020',3),(3172,'Micro ordinateur DELL OPTIPLEX 3020',3),(3173,'PC portable HP15',3),(3174,'PC PORTABLE ASUS Intel® Core i7 17\"',3),(3175,'PC PORTABLE ASUS Intel® Core i7 15\"',3),(3176,'Micro-Ordinateur HP PRODESK 600G1',3),(3177,'Ordinateur de Marque DELL OPTIPLEX',3),(3178,'Ordinateur de Marque DELL OPTIPLEX',3),(3179,'Ordinateur de Marque DELL OPTIPLEX',3),(3180,'Ordinateur de Marque DELL OPTIPLEX',3),(3181,'Ordinateur de Marque DELL OPTIPLEX',3),(3182,'Ordinateur de Marque DELL OPTIPLEX',3),(3183,'Ordinateur de Marque DELL OPTIPLEX',3),(3184,'Ordinateur de Marque DELL OPTIPLEX',3),(3185,'Ordinateur de Marque DELL OPTIPLEX',3),(3186,'Ordinateur de Marque DELL OPTIPLEX',3),(3187,'Ordinateur de Marque DELL OPTIPLEX',3),(3188,'Ordinateur de Marque DELL OPTIPLEX',3),(3189,'Ordinateur de Marque DELL OPTIPLEX',3),(3190,'Ordinateur de Marque DELL OPTIPLEX',3),(3191,'Ordinateur de Marque DELL OPTIPLEX',3),(3192,'Ordinateur de Marque DELL OPTIPLEX',3),(3193,'Ordinateur de Marque DELL OPTIPLEX',3),(3194,'Ordinateur de Marque DELL OPTIPLEX',3),(3195,'Ordinateur de Marque DELL OPTIPLEX',3),(3196,'Ordinateur de Marque DELL OPTIPLEX',3),(3197,'Ordinateur de Marque DELL OPTIPLEX',3),(3198,'Ordinateur de Marque DELL OPTIPLEX',3),(3199,'Ordinateur de Marque DELL OPTIPLEX',3),(3200,'Ordinateur de Marque DELL OPTIPLEX',3),(3201,'Ordinateur de Marque DELL OPTIPLEX',3),(3202,'Micro ordinateur HP ProDesk 400',3),(3203,'Micro ordinateur HP ProDesk 400',3),(3204,'Micro ordinateur HP ProDesk 400',3),(3205,'Micro ordinateur HP ProDesk 400',3),(3206,'Micro ordinateur HP ProDesk 400',3),(3207,'Micro ordinateur HP ProDesk 400',3),(3208,'Micro ordinateur HP ProDesk 400',3),(3209,'Micro ordinateur HP ProDesk 400',3),(3210,'Micro ordinateur HP ProDesk 400',3),(3211,'Micro ordinateur HP ProDesk 400',3),(3212,'Micro ordinateur HP ProDesk 400',3),(3213,'Micro ordinateur HP ProDesk 400',3),(3214,'Micro ordinateur HP ProDesk 400',3),(3215,'Micro ordinateur HP ProDesk 400',3),(3216,'Micro ordinateur HP ProDesk 400',3),(3217,'Micro ordinateur HP ProDesk 400',3),(3218,'Micro ordinateur HP ProDesk 400',3),(3219,'Micro ordinateur HP ProDesk 400',3),(3220,'Micro ordinateur HP ProDesk 400',3),(3221,'Micro ordinateur HP ProDesk 400',3),(3222,'Ordinateur portable HP Pavillon Pow',3),(3223,'PC portable 15 pouces MAC MR942FN/A',3),(3224,'Micro ordinateur i7 LENOVO V530',3),(3225,'Micro ordinateur i7 LENOVO V530',3),(3226,'Micro ordinateur i7 LENOVO V530',3),(3227,'Micro ordinateur i7 LENOVO V530',3),(3228,'Micro ordinateur i7 LENOVO V530',3),(3229,'Micro ordinateur i7 LENOVO V530',3),(3230,'Micro ordinateur i7 LENOVO V530',3),(3231,'Micro ordinateur i7 LENOVO V530',3),(3232,'Micro ordinateur i7 LENOVO V530',3),(3233,'Micro ordinateur i7 LENOVO V530',3),(3234,'Micro ordinateur i7 LENOVO V530',3),(3235,'Micro ordinateur i7 LENOVO V530',3),(3236,'Micro ordinateur i7 LENOVO V530',3),(3237,'Micro ordinateur i7 LENOVO V530',3),(3238,'Micro ordinateur i7 LENOVO V530',3),(3239,'Micro ordinateur i7 LENOVO V530',3),(3240,'Micro ordinateur i7 LENOVO V530',3),(3241,'Micro ordinateur i7 LENOVO V530',3),(3242,'Micro ordinateur i7 LENOVO V530',3),(3243,'Micro ordinateur i7 LENOVO V530',3),(3244,'Ordinateur portable 13,3\" HP PRO',3),(3245,'Micro ordinateur i7 Lenovo V530',3),(3246,'Micro ordinateur i7 Lenovo V530',3),(3247,'Micro ordinateur i7 Lenovo V530',3),(3248,'Micro ordinateur i7 Lenovo V530',3),(3249,'Micro ordinateur i7 Lenovo V530',3),(3250,'Micro ordinateur i7 Lenovo V530',3),(3251,'Micro ordinateur i7 Lenovo V530',3),(3252,'Micro ordinateur i7 Lenovo V530',3),(3253,'Micro ordinateur i7 Lenovo V530',3),(3254,'Micro ordinateur i7 Lenovo V530',3),(3255,'Micro ordinateur i7 Lenovo V530',3),(3256,'Micro ordinateur i7 Lenovo V530',3),(3257,'Micro ordinateur i7 Lenovo V530',3),(3258,'Micro ordinateur i7 Lenovo V530',3),(3259,'Micro ordinateur i7 Lenovo V530',3),(3260,'Micro ordinateur i7 Lenovo V530',3),(3261,'Micro ordinateur i7 Lenovo V530',3),(3262,'Micro ordinateur i7 Lenovo V530',3),(3263,'Micro ordinateur i7 Lenovo V530',3),(3264,'Micro ordinateur i7 Lenovo V530',3),(3265,'Micro ordinateur i7 Lenovo V530',3),(3266,'Micro ordinateur i7 Lenovo V530',3),(3267,'Micro ordinateur i7 Lenovo V530',3),(3268,'Micro ordinateur i7 Lenovo V530',3),(3269,'Micro ordinateur i7 Lenovo V530',3),(3270,'Onduleur 700VA',42),(3271,'Onduleur 700VA',42),(3272,'Onduleur 700VA',42),(3273,'Onduleur 700VA',42),(3274,'Onduleur 700VA',42),(3275,'Onduleur 500VA Zenergy Cube',42),(3276,'Onduleur 500VA Zenergy Cube',42),(3277,'Onduleur 500VA Zenergy Cube',42),(3278,'Plateforme hyper convergee de virt',46),(3279,'Robot de sauvegarde LTO-7 DELL',45),(3280,'Scanner HP 5590 PC&MAC 2400x2400DPI',43),(3281,'Scanner CANON Image FORMULA DR-C240',43),(3282,'Scanner CANON Image FORMULA DR-C240',43),(3283,'Serveur HP Proliant DL120 G6',41),(3284,'Serveur HP Proliant DL120 G6',41),(3285,'Serveur HP Proliant DL120 G6',41),(3286,'Serveur Rackable HP Proliant DL120',41),(3287,'Serveur Rackable HP Proliant DL 120',41),(3288,'Serveur Rackable Intel Xeon E3-1220',41),(3289,'Serveur Rackable Xeon E3-1220',41),(3290,'Serveur NAS de sauvegarde +access',41),(3291,'Serveur NAS de sauvegarde +access',41),(3292,'Serveur DELL PowerEdge R740 Intel X',41),(3293,'SOLUTION DE SAUVEGARDE VTL EMC',48),(3294,'Systèm transfert source EATON ATS30',40),(3295,'Systèm transfert source EATON STS16',40),(3296,'Switch KVM 16 ports',39),(3297,'Switch 8 ports 10/100 Mbps',39),(3298,'Switch D-LINK 8 ports 10/100/1000',39),(3299,'Switch D-LINK 8 ports 10/100/1000',39),(3300,'Switch Cisco SG 300-28 26GE ports',39),(3301,'Switch Cisco SG 300-28 26GE ports',39),(3302,'Switch Cisco SG 300-28 26GE ports',39),(3303,'Switch Cisco SG 300-28 26GE ports',39),(3304,'Switch Cisco SG 200-26 24GE ports',39),(3305,'Switch Cisco SG 200-26 24GE ports',39),(3306,'Switch Cisco SG550XG-24F 24-Port',39),(3307,'Switch Cisco Small Busi SG550XG-24F',39),(3308,'Switch Cisco Small Bus. SG500-28MPP',39),(3309,'Switch Cisco Small Bus. SG500-28MPP',39),(3310,'Switch administrable',39),(3311,'Switch fédérateur',39),(3312,'Switch administrable',39),(3313,'Switch fédérateur',39),(3314,'UTM Cyberoam CR25iNG 25p',44),(3315,'UTM Cyberoam CR25iNG 25p',44),(3316,'UTM Cyberoam CR15iNG',44),(3317,'UTM Cyberoam CR15iNG',44),(3318,'UTM Cyberoam CR15iNG',44),(3319,'UTM Cyberoam CR15iNG',44),(3320,'UTM Cyberoam CR15iNG',44),(3321,'UTM Cyberoam CR15iNG',44),(3322,'UTM Cyberoam CR15iNG',44),(3323,'UTM Cyberoam CR15iNG',44),(3324,'UTM \r\nCyberoam CR100i 100p & sv',44),(3325,'UTM \r\nCyberoam CR100i 100p',44),(3326,'Firewall SOPHOS XG330',44),(3327,'Firewall SOPHOS XG330',44),(3328,'Onduleur+access. S.Machine.LAZARET',42),(3329,'UTM SD-RED20',44),(3330,'UTM SD-RED20',44),(3331,'UTM SD-RED20',44),(3332,'UTM SD-RED20',44),(3333,'UTM SD-RED20',44),(3334,'UTM SD-RED20',44),(3335,'UTM SD-RED20',44),(3336,'UTM SD-RED60',44),(3337,'Imprimante Laser Couleur HP 5550dn',5),(3338,'MacBook Pro 17\" 2,53Ghz Core2 Duo',3),(3339,'Ordinateur HP Pro3400 i3',3),(3340,'Onduleur 700 VA',42),(3341,'Imprimante laser monochr  HP P1102',5),(3342,'Imprimante laser monochr  HP P1102',5),(3343,'Onduleur 500VA',42),(3344,'Onduleur 500VA',42),(3345,'Imprimante laser monochr HP P1102',5),(3346,'Imprimante laser monochr HP P1102',5),(3347,'Imprimante HP LASERJET PRO M125 a',5),(3348,'Micro-Ordinateur DELL Inspiron 545',3),(3349,'Ordinateur HP Pro3400 i3',3),(3350,'Micro-ordinateur HP pro 3500 MT',3),(3351,'Micro-ordinateur HP pro 3500 MT',3),(3352,'Micro-ordinateur HP pro 3500 MT',3),(3353,'Micro-Ordinateur HP PRODESK 600G1',3),(3354,'Micro-Ordinateur HP PRODESK 600G1',3),(3355,'Micro-Ordinateur HP PRODESK 600G1',3),(3356,'Imprimante laser monochr HP P1102',5),(3357,'Imprimante de badge EVOLIS Primacy',5),(3358,'Ordinateur HP Pro3400 i3',3),(3359,'Micro-ordinateur HP pro 3500 MT',3),(3360,'Micro-Ordinateur HP PRODESK 600G1',3),(3361,'ONDULEUR ELLIPSE 300 VA',42),(3362,'IMPRIMANTE HP LASERJET 1022',5),(3363,'Imprimante laser monochr HP P1102',5),(3364,'Imprimante HP LASERJET PRO M125 a',5),(3365,'Ordinateur HP Pro3400 i3',3),(3366,'Ordinateur HP Pro3400 i3',3),(3367,'HP ZBook Workstation I7-4700MQ 2.4G',3),(3368,'Station travail HP Intel Xeon W2102',3),(3369,'Micro-ordinateur HP pro 3500 MT',3),(3370,'Traceur A0 T1100 1118mm 6 couleurs',5),(3371,'Imprimante HP DesignJet T795 ePrint',5),(3372,'Ordinateur HP Pro3400 i3',3),(3373,'Micro-ordinateur HP pro 3500 MT',3),(3374,'Micro-Ordinateur HP PRODESK 600G1',3),(3375,'Micro-Ordinateur HP PRODESK 600G1',3),(3376,'PC portable HP Pavilion 17-ab002nk',3),(3377,'ONDULEUR ELLIPSE 300 VA',42),(3378,'Scanner A3 PC 600x1200Dpi',43),(3379,'Disque Dur Externe capacité 2To',31),(3380,'Imprimante laser monochr HP P1102',5),(3381,'Imprimante HP LASERJET PRO M125 a',5),(3382,'Micro-ordinateur HP pro 3500 MT',3),(3383,'Micro-ordinateur HP pro 3500 MT',3),(3384,'Micro-Ordinateur HP PRODESK 600G1',3),(3385,'IMPRIMANTE HP LASERJET 1022',5),(3386,'Disque dur externe 750 Go',31),(3387,'Imprimante laser HP 9050DN (Q3723A)',5),(3388,'Micro-Ordinateur DELL Inspiron 545',3),(3389,'Micro-Ordinateur DELL Inspiron 545',3),(3390,'Ordinateur HP Pro3400 i3',3),(3391,'Micro-Ordinateur HP PRODESK 600G1',3),(3392,'Micro-Ordinateur HP PRODESK 600G1',3),(3393,'Micro-Ordinateur HP PRODESK 600G1',3),(3394,'Disque Dur Externe capacité 2To',31),(3395,'IMPRIMANTE HP JET D\'ENCRE 1315',5),(3396,'Imprimante Laser A4 N/B',5),(3397,'Micro ordinateur acer aspire p4',3),(3398,'Ordinateur HP Pro3400 i3',3),(3399,'Onduleur 500VA',42),(3400,'HP COLOR LASERJET ENTREPRISE M750N',5),(3401,'Station travail HP Intel Xeon W2102',3),(3402,'Station travail HP Intel Xeon W2102',3),(3403,'hp sourie',2);
/*!40000 ALTER TABLE `designation` ENABLE KEYS */;
UNLOCK TABLES;

--
-- Table structure for table `fournisseur`
--

DROP TABLE IF EXISTS `fournisseur`;
/*!40101 SET @saved_cs_client     = @@character_set_client */;
/*!50503 SET character_set_client = utf8mb4 */;
CREATE TABLE `fournisseur` (
  `idFournisseur` int NOT NULL AUTO_INCREMENT,
  `NomFournisseur` varchar(45) NOT NULL,
  PRIMARY KEY (`idFournisseur`)
) ENGINE=InnoDB AUTO_INCREMENT=6 DEFAULT CHARSET=utf8mb3;
/*!40101 SET character_set_client = @saved_cs_client */;

--
-- Dumping data for table `fournisseur`
--

LOCK TABLES `fournisseur` WRITE;
/*!40000 ALTER TABLE `fournisseur` DISABLE KEYS */;
INSERT INTO `fournisseur` VALUES (1,'AXELI'),(2,'Near Secure'),(5,'usb service');
/*!40000 ALTER TABLE `fournisseur` ENABLE KEYS */;
UNLOCK TABLES;

--
-- Table structure for table `lieu`
--

DROP TABLE IF EXISTS `lieu`;
/*!40101 SET @saved_cs_client     = @@character_set_client */;
/*!50503 SET character_set_client = utf8mb4 */;
CREATE TABLE `lieu` (
  `id` int NOT NULL AUTO_INCREMENT,
  `lieu` varchar(345) DEFAULT NULL,
  PRIMARY KEY (`id`)
) ENGINE=InnoDB AUTO_INCREMENT=135 DEFAULT CHARSET=utf8mb4 COLLATE=utf8mb4_0900_ai_ci;
/*!40101 SET character_set_client = @saved_cs_client */;

--
-- Dumping data for table `lieu`
--

LOCK TABLES `lieu` WRITE;
/*!40000 ALTER TABLE `lieu` DISABLE KEYS */;
INSERT INTO `lieu` VALUES (1,'1er- B. BUDGET'),(2,'1er- B.EXPL ET DEVLOP. INFORMATIQUE'),(3,' 42 AGENCE TANMIA'),(4,'1er- B. MAINTENANCE INFORMATIQUE'),(5,'1ER- B. TRAVAUX  RESEAUX'),(6,'1ER- CHEF DE SCE INFORMATIQUE'),(7,'1ER- SCE EQUIPEMENT'),(8,'1ER-ATTACHE DE DIRECTION ABOUTNI'),(9,'1ER-B. AUDIT INTERNE ET CONTROLE'),(10,'1ER-B.ETUDES ET INGENIERIES'),(11,'1er-B.TABLEAU.BORD ET REPORTING'),(12,'1ER-Bureau Qualité'),(13,'1ER-C.SCE AUDIT INTERNE ET CONTROLE'),(14,'1ER-CHEF DE B. TRVX  BRANCHEMENTS'),(15,'1ER-CHEF DE SCE SIG&PATRIMOINE'),(16,'1ER-CHEF DIV.INGEN& INVEST'),(17,'1ER-CHEF SCE CONTROLE  DE GESTION'),(18,'1ER-CHEF SCE EQUIPEMENT EN RESEAUX'),(19,'1ER-CHEF SERVICE  INGENIERIE'),(20,'1er-S.I -SALLE MACHINE'),(21,'1er-S.I. - BUREAU SECURITE'),(22,'1ER-SECRETAIRE DIV INGEN/INVE'),(23,'1ER-SECRETARIAT TECHNIQUE ASMAE'),(24,'1ER-SECRETARIAT TECHNIQUE SIHAM'),(25,'2éme ARCHIVE PAIERIE'),(26,'2éme -CHEF DE B. FINANICIER'),(27,'2éme étage-CHEF DE SCE COMPT & F'),(28,'2éme- SECT BUDG ET SECT ANALY'),(29,'2éme-B.COMPTABILITE GENERALE'),(30,'2éme-B.FINANCIER'),(31,'2éme-B.MUTUELLE'),(32,'2éme-B.PAIERIE'),(33,'2éme-BUREAU DES MARCHES'),(34,'2éme-B.TRESORIER PAYEUR'),(35,'2éme-CAISSE PRINCIPALE'),(36,'2éme-CHEF B. COMMANDE & MARCHES'),(37,'2éme-CHEF B. MOYENS GENERAUX'),(38,'2éme-CHEF DE B COMPT ANALYT & BUD'),(39,'2éme-CHEF DE SERVICE ACHATS'),(40,'2éme-SECT  FOURNISSEURS'),(41,'2éme-SECT COMPTABILITE CLIENTS'),(42,'2éme-SECT APPELS OFFRES & MARCHES'),(43,'2éme-SECT GESTION DU PATRIMOINE'),(44,'2éme-SECT. CONSULT. ET COMMANDES'),(45,'3éme-ATTACHE DE DIRECTION CHEMLAL'),(46,'3éme-B.Devp personnel et SIRH'),(47,'3éme-B.administration personnel'),(48,'3éme-B.formation et repporting'),(49,'3éme-BUREAU DIRECTEUR GENERAL'),(50,'3éme-CHEF DE DIVISION SUPPORT'),(51,'3éme-CHEF DE SCE GRH'),(52,'3éme-SECRETARIAT DIRECTION GENERAL'),(53,'52 ANNEXE MELHAOUI'),(54,'56 ANNEXE SIDI YAHYA'),(55,'57 ANNEXE SIDI DRIS'),(56,'58 ANNEXE ROUTE TAZA'),(57,'59 AG DERFOUFI- B. COERCIT RECOUVR'),(58,'59 AG DERFOUFI DEV CLIENT'),(59,'59 AG DERFOUFi- Sce Facturation'),(60,'59 AG DERFOUFI Section Lecture'),(61,'59 AG DERFOUFI-RESEAU INFORM'),(62,'80 LABO ANALYSE CHAMP DE TIR'),(63,'81 ANNEXE DERFOUFI'),(64,'82 ANNEXE BELLAKHDAR'),(65,'83-ANNEXE STADE D HONNEUR'),(66,'85-ANNEXE AL AMAL'),(67,'CV- Archive S. de direction'),(68,'CV- B.Etudes Branchements(métré)'),(69,'CV-B.Travaux Branchements'),(70,'CV-B.Trvx Reseaux & B. lotissements'),(71,'Désignation'),(72,'DIFF D\'INV DIRECTION GENERAL 2021'),(73,'EN COURS reforme Sce informat 2021'),(74,'LZ - SECT PRDTS EN COURS  ET RECLAM'),(75,'LZ- AGC SECTACCEUIL DEVL CLIENT'),(76,'LZ- AGCE Sect prod et reclamation'),(77,'LZ- B. ARCHIVISTE'),(78,'LZ- B. EXPLOIT. RES ASS. L'),(79,'LZ- B. Gestion de Stock'),(80,'LZ- B. Qualité Securité et envir'),(81,'LZ- B. Reservoir et station'),(82,'LZ- B.Maintenance Réseau Assainiss'),(83,'LZ- BTélégestion'),(84,'LZ- BUREAU COMPTAGE LAZARET'),(85,'LZ- CAISSE RECOUVR AGCE LAZARET'),(86,'LZ- CHEF DE DIVISION  EXPLOITATION'),(87,'LZ- CHEF SCE EXPL RES E.POTABLE'),(88,'LZ- CHEF SCE EXPLOITATION ASSAINI'),(89,'LZ- RESEAU INFORMATIQUE'),(90,'LZ- SCE AMELIORAT° RENDEMENT'),(91,'LZ- Secretariat technique lazaret'),(92,'LZ- SECT ADM DES STOCKS'),(93,'LZ- SECT ENTR. PREVENTIF ET AMELIOR'),(94,'LZ- SECT ETALONNAGE COMPTEURS'),(95,'LZ- SECT FRAUDES ET CTRL DES INSTAL'),(96,'LZ- SERVICE PRODUCTION'),(97,'LZ- Standard lazaret'),(98,'LZ-B. Détection fuites eau'),(99,'LZ-B.production'),(100,'LZ-CHEF B. ENTRETIEN CURATIF E.P'),(101,'LZ-CHEF B.COMPTAGE'),(102,'LZ-S.I Salle machine lazaret'),(103,'LZ-Section Atelier Véhicules'),(104,'LZ-SECTION MG LAZARET'),(105,'R.C- B. Fraudes Contrôle&Réclamatio'),(106,'R.C- B.recouvrement gros comptes'),(107,'R.C- CHEF SCE DEPOLLUTION'),(108,'R.C- CHEF SCE DEVP.CLIENTELE'),(109,'R.C- CHEF SCE RECOUVREMENTS'),(110,'R.C- CHEF SEC FACTURATION'),(111,'R.C- Renseingement'),(112,'R.C- SECT ACCUEIL'),(113,'R.C-B. ETUDES IMMEUBLES ET LOTIS'),(114,'R.C-Bureau Communication'),(115,'R.C-Bureau Encaissements'),(116,'R.C-Chef B. Facturation Consomm.'),(117,'R.C-Chef B. Syst. Inform Géo&SIG'),(118,'R.C-CHEF DE SCE  CLE QUAL  SEC &ENV'),(119,'R.C-CHEF SCE COMMUNICAT ET JURID'),(120,'R.C-GUICHET POUR ENCAISSEMENT'),(121,'R.C-Secrétariat Division Clientèle'),(122,'R.C-Section attribution tournées'),(123,'R.C-SERVICE JURIDIQUE'),(124,'R.C-STANDARD REGIE'),(125,'STEP-Bureau Dépollution'),(126,'STEP-LABORATOIRE D\'ANALYSE 2'),(127,'TANMIA - B. Grand Travaux ASS'),(128,'TANMIA - B. Grand Travaux E.P'),(129,'TANMIA- CAISSE RECOUVREMENT'),(130,'TANMIA MG'),(131,'TANMIA- SECTION ACCEUIL'),(132,'TANMIA--Chef de Sce Grands Travaux'),(133,'TANMIA-RESEAU INFORMATIQUE');
/*!40000 ALTER TABLE `lieu` ENABLE KEYS */;
UNLOCK TABLES;

--
-- Table structure for table `materiel`
--

DROP TABLE IF EXISTS `materiel`;
/*!40101 SET @saved_cs_client     = @@character_set_client */;
/*!50503 SET character_set_client = utf8mb4 */;
CREATE TABLE `materiel` (
  `idmateriel` int NOT NULL AUTO_INCREMENT,
  `iddesignation` int NOT NULL,
  `numeroinventaire` varchar(90) DEFAULT NULL,
  `garentie` varchar(45) DEFAULT NULL,
  `datereceptionprovisoire` date DEFAULT NULL,
  `IDFournisseur` int DEFAULT NULL,
  `Affecter` bit(1) DEFAULT b'0',
  `datesaisie` date DEFAULT NULL,
  `idtype` int DEFAULT NULL,
  `idagence` int DEFAULT NULL,
  `mleagent` int DEFAULT NULL,
  `idservice` int DEFAULT NULL,
  `idlieu` int DEFAULT NULL,
  `disponible` tinyint DEFAULT '0',
  `proposerreforme` tinyint DEFAULT '0',
  PRIMARY KEY (`idmateriel`),
  KEY `fk_agenceid_idx` (`idagence`),
  KEY `fk_typeid_idx` (`idtype`),
  KEY `fk_agentid_idx` (`mleagent`),
  KEY `iddesignation_FK` (`iddesignation`),
  KEY `idlieu_fk_idx` (`idlieu`),
  KEY `idfournisseur_FK_idx` (`IDFournisseur`),
  CONSTRAINT `fk_agenceid` FOREIGN KEY (`idagence`) REFERENCES `agencies` (`id`),
  CONSTRAINT `fk_agentid` FOREIGN KEY (`mleagent`) REFERENCES `agents` (`agent_number`),
  CONSTRAINT `fk_typeid` FOREIGN KEY (`idtype`) REFERENCES `typemateriel` (`id`),
  CONSTRAINT `iddesignation_FK` FOREIGN KEY (`iddesignation`) REFERENCES `designation` (`idDesignation`),
  CONSTRAINT `idfournisseur_FK` FOREIGN KEY (`IDFournisseur`) REFERENCES `fournisseur` (`idFournisseur`),
  CONSTRAINT `idlieu_fk` FOREIGN KEY (`idlieu`) REFERENCES `lieu` (`id`)
) ENGINE=InnoDB AUTO_INCREMENT=1421 DEFAULT CHARSET=utf8mb3;
/*!40101 SET character_set_client = @saved_cs_client */;

--
-- Dumping data for table `materiel`
--

LOCK TABLES `materiel` WRITE;
/*!40000 ALTER TABLE `materiel` DISABLE KEYS */;
INSERT INTO `materiel` VALUES (21,1,'MO407','2','2021-08-04',1,_binary '','2021-08-04',3,1,407,87,2,1,1),(722,2721,'9A46IM237',NULL,NULL,NULL,_binary '\0','2021-09-10',5,NULL,NULL,NULL,NULL,0,0),(723,2722,'9A46IM312',NULL,NULL,NULL,_binary '\0','2021-09-10',5,NULL,NULL,NULL,NULL,0,0),(724,2723,'9A46MO250',NULL,NULL,NULL,_binary '\0','2021-09-10',3,NULL,NULL,NULL,NULL,0,0),(725,2724,'9A46MO337',NULL,NULL,NULL,_binary '\0','2021-09-10',3,NULL,NULL,NULL,NULL,0,0),(726,2725,'9A46MO370',NULL,NULL,NULL,_binary '\0','2021-09-10',3,NULL,NULL,NULL,NULL,0,0),(727,2726,'9A47IM177',NULL,NULL,NULL,_binary '\0','2021-09-10',5,NULL,NULL,NULL,NULL,0,0),(728,2727,'9B46IM345',NULL,NULL,NULL,_binary '\0','2021-09-10',5,NULL,NULL,NULL,NULL,0,0),(729,2727,'9B46IM346',NULL,NULL,NULL,_binary '\0','2021-09-10',5,NULL,NULL,NULL,NULL,0,0),(730,2727,'9B46IM347',NULL,NULL,NULL,_binary '\0','2021-09-10',5,NULL,NULL,NULL,NULL,0,0),(731,2727,'9B46IM348',NULL,NULL,NULL,_binary '\0','2021-09-10',5,NULL,NULL,NULL,NULL,0,0),(732,2727,'9B46IM349',NULL,NULL,NULL,_binary '\0','2021-09-10',5,NULL,NULL,NULL,NULL,0,0),(733,2726,'9C46IM184',NULL,NULL,NULL,_binary '\0','2021-09-10',5,NULL,NULL,NULL,NULL,0,0),(734,2733,'9C46MO173',NULL,NULL,NULL,_binary '\0','2021-09-10',3,NULL,NULL,NULL,NULL,0,0),(735,2723,'9C46MO251',NULL,NULL,NULL,_binary '\0','2021-09-10',3,NULL,NULL,NULL,NULL,0,0),(736,2735,'9C46MO264',NULL,NULL,NULL,_binary '\0','2021-09-10',3,NULL,NULL,NULL,NULL,0,0),(737,2735,'9C46MO266',NULL,NULL,NULL,_binary '\0','2021-09-10',3,NULL,NULL,NULL,NULL,0,0),(738,2724,'9C46MO338',NULL,NULL,NULL,_binary '\0','2021-09-10',3,NULL,NULL,NULL,NULL,0,0),(739,2738,'9D46DD23',NULL,NULL,NULL,_binary '\0','2021-09-10',31,NULL,NULL,NULL,NULL,0,0),(740,2739,'9D46IM170',NULL,NULL,NULL,_binary '\0','2021-09-10',5,NULL,NULL,NULL,NULL,0,0),(741,2740,'9D46IM195',NULL,NULL,NULL,_binary '\0','2021-09-10',5,NULL,NULL,NULL,NULL,0,0),(742,2741,'9D46IM410',NULL,NULL,NULL,_binary '\0','2021-09-10',5,NULL,NULL,NULL,NULL,0,0),(743,2733,'9D46MO172',NULL,NULL,NULL,_binary '\0','2021-09-10',3,NULL,NULL,NULL,NULL,0,0),(744,2743,'9D46MO256',NULL,NULL,NULL,_binary '\0','2021-09-10',3,NULL,NULL,NULL,NULL,0,0),(745,2744,'9D46MO444',NULL,NULL,NULL,_binary '\0','2021-09-10',3,NULL,NULL,NULL,NULL,0,0),(746,2745,'9E46IM125',NULL,NULL,NULL,_binary '\0','2021-09-10',5,NULL,NULL,NULL,NULL,0,0),(747,2746,'9E46IM127',NULL,NULL,NULL,_binary '\0','2021-09-10',5,NULL,NULL,NULL,NULL,0,0),(748,2747,'9E46IM141',NULL,NULL,NULL,_binary '\0','2021-09-10',5,NULL,NULL,NULL,NULL,0,0),(749,2739,'9E46IM169',NULL,NULL,NULL,_binary '\0','2021-09-10',5,NULL,NULL,NULL,NULL,0,0),(750,2749,'9E46IM277',NULL,NULL,NULL,_binary '\0','2021-09-10',5,NULL,NULL,NULL,NULL,0,0),(751,2749,'9E46IM278',NULL,NULL,NULL,_binary '\0','2021-09-10',5,NULL,NULL,NULL,NULL,0,0),(752,2751,'9E46MO123',NULL,NULL,NULL,_binary '\0','2021-09-10',3,NULL,NULL,NULL,NULL,0,0),(753,2733,'9E46MO170',NULL,NULL,NULL,_binary '\0','2021-09-10',3,NULL,NULL,NULL,NULL,0,0),(754,2723,'9E46MO240',NULL,NULL,NULL,_binary '\0','2021-09-10',3,NULL,NULL,NULL,NULL,0,0),(755,2754,'9E50MO415',NULL,NULL,NULL,_binary '\0','2021-09-10',3,NULL,NULL,NULL,NULL,0,0),(756,2755,'9F46IM314',NULL,NULL,NULL,_binary '\0','2021-09-10',5,NULL,NULL,NULL,NULL,0,0),(757,2755,'9F46IM315',NULL,NULL,NULL,_binary '\0','2021-09-10',5,NULL,NULL,NULL,NULL,0,0),(758,2757,'9F46IM316',NULL,NULL,NULL,_binary '\0','2021-09-10',5,NULL,NULL,NULL,NULL,0,0),(759,2758,'9F46STSP01',NULL,NULL,NULL,_binary '\0','2021-09-10',27,NULL,NULL,NULL,NULL,0,0),(760,2759,'9F46STSP02',NULL,NULL,NULL,_binary '\0','2021-09-10',27,NULL,NULL,NULL,NULL,0,0),(761,2758,'9F46STSP03',NULL,NULL,NULL,_binary '\0','2021-09-10',27,NULL,NULL,NULL,NULL,0,0),(762,2759,'9F46STSP04',NULL,NULL,NULL,_binary '\0','2021-09-10',27,NULL,NULL,NULL,NULL,0,0),(763,2762,'9F46TSP096',NULL,NULL,NULL,_binary '\0','2021-09-10',26,NULL,NULL,NULL,NULL,0,0),(764,2762,'9F46TSP097',NULL,NULL,NULL,_binary '\0','2021-09-10',26,NULL,NULL,NULL,NULL,0,0),(765,2762,'9F46TSP098',NULL,NULL,NULL,_binary '\0','2021-09-10',26,NULL,NULL,NULL,NULL,0,0),(766,2762,'9F46TSP099',NULL,NULL,NULL,_binary '\0','2021-09-10',26,NULL,NULL,NULL,NULL,0,0),(767,2762,'9F46TSP100',NULL,NULL,NULL,_binary '\0','2021-09-10',26,NULL,NULL,NULL,NULL,0,0),(768,2762,'9F46TSP101',NULL,NULL,NULL,_binary '\0','2021-09-10',26,NULL,NULL,NULL,NULL,0,0),(769,2762,'9F46TSP102',NULL,NULL,NULL,_binary '\0','2021-09-10',26,NULL,NULL,NULL,NULL,0,0),(770,2762,'9F46TSP103',NULL,NULL,NULL,_binary '\0','2021-09-10',26,NULL,NULL,NULL,NULL,0,0),(771,2762,'9F46TSP104',NULL,NULL,NULL,_binary '\0','2021-09-10',26,NULL,NULL,NULL,NULL,0,0),(772,2762,'9F46TSP105',NULL,NULL,NULL,_binary '\0','2021-09-10',26,NULL,NULL,NULL,NULL,0,0),(773,2772,'9F46TSP106',NULL,NULL,NULL,_binary '\0','2021-09-10',26,NULL,NULL,NULL,NULL,0,0),(774,2772,'9F46TSP107',NULL,NULL,NULL,_binary '\0','2021-09-10',26,NULL,NULL,NULL,NULL,0,0),(775,2772,'9F46TSP108',NULL,NULL,NULL,_binary '\0','2021-09-10',26,NULL,NULL,NULL,NULL,0,0),(776,2772,'9F46TSP109',NULL,NULL,NULL,_binary '\0','2021-09-10',26,NULL,NULL,NULL,NULL,0,0),(777,2772,'9F46TSP110',NULL,NULL,NULL,_binary '\0','2021-09-10',26,NULL,NULL,NULL,NULL,0,0),(778,2772,'9F46TSP111',NULL,NULL,NULL,_binary '\0','2021-09-10',26,NULL,NULL,NULL,NULL,0,0),(779,2772,'9F46TSP112',NULL,NULL,NULL,_binary '\0','2021-09-10',26,NULL,NULL,NULL,NULL,0,0),(780,2772,'9F46TSP113',NULL,NULL,NULL,_binary '\0','2021-09-10',26,NULL,NULL,NULL,NULL,0,0),(781,2780,'9F59IM411',NULL,NULL,NULL,_binary '\0','2021-09-10',5,NULL,NULL,NULL,NULL,0,0),(782,2780,'9F59IM412',NULL,NULL,NULL,_binary '\0','2021-09-10',5,NULL,NULL,NULL,NULL,0,0),(783,2780,'9F59IM413',NULL,NULL,NULL,_binary '\0','2021-09-10',5,NULL,NULL,NULL,NULL,0,0),(784,2783,'9G42MRI01',NULL,NULL,NULL,_binary '\0','2021-09-10',28,NULL,NULL,NULL,NULL,0,0),(785,2784,'9G42MRI02',NULL,NULL,NULL,_binary '\0','2021-09-10',28,NULL,NULL,NULL,NULL,0,0),(786,2785,'9G42MRI11',NULL,NULL,NULL,_binary '\0','2021-09-10',28,NULL,NULL,NULL,NULL,0,0),(787,2785,'9G42MRI12',NULL,NULL,NULL,_binary '\0','2021-09-10',28,NULL,NULL,NULL,NULL,0,0),(788,2785,'9G42MRI21',NULL,NULL,NULL,_binary '\0','2021-09-10',28,NULL,NULL,NULL,NULL,0,0),(789,2785,'9G42MRI22',NULL,NULL,NULL,_binary '\0','2021-09-10',28,NULL,NULL,NULL,NULL,0,0),(790,2789,'9G46MO343',NULL,NULL,NULL,_binary '\0','2021-09-10',3,NULL,NULL,NULL,NULL,0,0),(791,2726,'9G47IM178',NULL,NULL,NULL,_binary '\0','2021-09-10',5,NULL,NULL,NULL,NULL,0,0),(792,2733,'9G47MO180',NULL,NULL,NULL,_binary '\0','2021-09-10',3,NULL,NULL,NULL,NULL,0,0),(793,2723,'9G47MO255',NULL,NULL,NULL,_binary '\0','2021-09-10',3,NULL,NULL,NULL,NULL,0,0),(794,2793,'9G50IM023',NULL,NULL,NULL,_binary '\0','2021-09-10',5,NULL,NULL,NULL,NULL,0,0),(795,2794,'9G50MRI03',NULL,NULL,NULL,_binary '\0','2021-09-10',28,NULL,NULL,NULL,NULL,0,0),(796,2794,'9G50MRI04',NULL,NULL,NULL,_binary '\0','2021-09-10',28,NULL,NULL,NULL,NULL,0,0),(797,2796,'9G50MRI05',NULL,NULL,NULL,_binary '\0','2021-09-10',28,NULL,NULL,NULL,NULL,0,0),(798,2796,'9G50MRI06',NULL,NULL,NULL,_binary '\0','2021-09-10',28,NULL,NULL,NULL,NULL,0,0),(799,2798,'9G50MRI19',NULL,NULL,NULL,_binary '\0','2021-09-10',28,NULL,NULL,NULL,NULL,0,0),(800,2798,'9G50MRI20',NULL,NULL,NULL,_binary '\0','2021-09-10',28,NULL,NULL,NULL,NULL,0,0),(801,2800,'9G50ON052',NULL,NULL,NULL,_binary '\0','2021-09-10',42,NULL,NULL,NULL,NULL,0,0),(802,2801,'9G59MRI15',NULL,NULL,NULL,_binary '\0','2021-09-10',28,NULL,NULL,NULL,NULL,0,0),(803,2801,'9G59MRI16',NULL,NULL,NULL,_binary '\0','2021-09-10',28,NULL,NULL,NULL,NULL,0,0),(804,2741,'9L46IM409',NULL,NULL,NULL,_binary '\0','2021-09-10',5,NULL,NULL,NULL,NULL,0,0),(805,2804,'9L46MO414',NULL,NULL,NULL,_binary '\0','2021-09-10',3,NULL,NULL,NULL,NULL,0,0),(806,2724,'9M42MO326',NULL,NULL,NULL,_binary '\0','2021-09-10',3,NULL,NULL,NULL,NULL,0,0),(807,2724,'9M43MO325',NULL,NULL,NULL,_binary '\0','2021-09-10',3,NULL,NULL,NULL,NULL,0,0),(808,2807,'9M46CH32',NULL,NULL,NULL,_binary '\0','2021-09-10',47,NULL,NULL,NULL,NULL,0,0),(809,2807,'9M46CH33',NULL,NULL,NULL,_binary '\0','2021-09-10',47,NULL,NULL,NULL,NULL,0,0),(810,2807,'9M46CH34',NULL,NULL,NULL,_binary '\0','2021-09-10',47,NULL,NULL,NULL,NULL,0,0),(811,2747,'9M46IM145',NULL,NULL,NULL,_binary '\0','2021-09-10',5,NULL,NULL,NULL,NULL,0,0),(812,2726,'9M46IM179',NULL,NULL,NULL,_binary '\0','2021-09-10',5,NULL,NULL,NULL,NULL,0,0),(813,2726,'9M46IM180',NULL,NULL,NULL,_binary '\0','2021-09-10',5,NULL,NULL,NULL,NULL,0,0),(814,2726,'9M46IM181',NULL,NULL,NULL,_binary '\0','2021-09-10',5,NULL,NULL,NULL,NULL,0,0),(815,2814,'9M46LCB001',NULL,NULL,NULL,_binary '\0','2021-09-10',25,NULL,NULL,NULL,NULL,0,0),(816,2814,'9M46LCB002',NULL,NULL,NULL,_binary '\0','2021-09-10',25,NULL,NULL,NULL,NULL,0,0),(817,2814,'9M46LCB003',NULL,NULL,NULL,_binary '\0','2021-09-10',25,NULL,NULL,NULL,NULL,0,0),(818,2814,'9M46LCB004',NULL,NULL,NULL,_binary '\0','2021-09-10',25,NULL,NULL,NULL,NULL,0,0),(819,2814,'9M46LCB005',NULL,NULL,NULL,_binary '\0','2021-09-10',25,NULL,NULL,NULL,NULL,0,0),(820,2814,'9M46LCB006',NULL,NULL,NULL,_binary '\0','2021-09-10',25,NULL,NULL,NULL,NULL,0,0),(821,2814,'9M46LCB007',NULL,NULL,NULL,_binary '\0','2021-09-10',25,NULL,NULL,NULL,NULL,0,0),(822,2814,'9M46LCB008',NULL,NULL,NULL,_binary '\0','2021-09-10',25,NULL,NULL,NULL,NULL,0,0),(823,2814,'9M46LCB009',NULL,NULL,NULL,_binary '\0','2021-09-10',25,NULL,NULL,NULL,NULL,0,0),(824,2814,'9M46LCB010',NULL,NULL,NULL,_binary '\0','2021-09-10',25,NULL,NULL,NULL,NULL,0,0),(825,2814,'9M46LCB011',NULL,NULL,NULL,_binary '\0','2021-09-10',25,NULL,NULL,NULL,NULL,0,0),(826,2814,'9M46LCB012',NULL,NULL,NULL,_binary '\0','2021-09-10',25,NULL,NULL,NULL,NULL,0,0),(827,2814,'9M46LCB013',NULL,NULL,NULL,_binary '\0','2021-09-10',25,NULL,NULL,NULL,NULL,0,0),(828,2814,'9M46LCB014',NULL,NULL,NULL,_binary '\0','2021-09-10',25,NULL,NULL,NULL,NULL,0,0),(829,2814,'9M46LCB015',NULL,NULL,NULL,_binary '\0','2021-09-10',25,NULL,NULL,NULL,NULL,0,0),(830,2814,'9M46LCB016',NULL,NULL,NULL,_binary '\0','2021-09-10',25,NULL,NULL,NULL,NULL,0,0),(831,2814,'9M46LCB017',NULL,NULL,NULL,_binary '\0','2021-09-10',25,NULL,NULL,NULL,NULL,0,0),(832,2814,'9M46LCB018',NULL,NULL,NULL,_binary '\0','2021-09-10',25,NULL,NULL,NULL,NULL,0,0),(833,2832,'9M46MO080',NULL,NULL,NULL,_binary '\0','2021-09-10',3,NULL,NULL,NULL,NULL,0,0),(834,2833,'9M46MO140',NULL,NULL,NULL,_binary '\0','2021-09-10',3,NULL,NULL,NULL,NULL,0,0),(835,2834,'9M46MO167',NULL,NULL,NULL,_binary '\0','2021-09-10',3,NULL,NULL,NULL,NULL,0,0),(836,2723,'9M46MO243',NULL,NULL,NULL,_binary '\0','2021-09-10',3,NULL,NULL,NULL,NULL,0,0),(837,2724,'9M46MO332',NULL,NULL,NULL,_binary '\0','2021-09-10',3,NULL,NULL,NULL,NULL,0,0),(838,2724,'9M46MO333',NULL,NULL,NULL,_binary '\0','2021-09-10',3,NULL,NULL,NULL,NULL,0,0),(839,2789,'9M46MO342',NULL,NULL,NULL,_binary '\0','2021-09-10',3,NULL,NULL,NULL,NULL,0,0),(840,2839,'9M46ON078',NULL,NULL,NULL,_binary '\0','2021-09-10',42,NULL,NULL,NULL,NULL,0,0),(841,2840,'9M46TSP078',NULL,NULL,NULL,_binary '\0','2021-09-10',26,NULL,NULL,NULL,NULL,0,0),(842,2840,'9M46TSP079',NULL,NULL,NULL,_binary '\0','2021-09-10',26,NULL,NULL,NULL,NULL,0,0),(843,2840,'9M46TSP080',NULL,NULL,NULL,_binary '\0','2021-09-10',26,NULL,NULL,NULL,NULL,0,0),(844,2840,'9M46TSP081',NULL,NULL,NULL,_binary '\0','2021-09-10',26,NULL,NULL,NULL,NULL,0,0),(845,2840,'9M46TSP082',NULL,NULL,NULL,_binary '\0','2021-09-10',26,NULL,NULL,NULL,NULL,0,0),(846,2840,'9M46TSP083',NULL,NULL,NULL,_binary '\0','2021-09-10',26,NULL,NULL,NULL,NULL,0,0),(847,2846,'9M46TSP084',NULL,NULL,NULL,_binary '\0','2021-09-10',26,NULL,NULL,NULL,NULL,0,0),(848,2846,'9M46TSP085',NULL,NULL,NULL,_binary '\0','2021-09-10',26,NULL,NULL,NULL,NULL,0,0),(849,2846,'9M46TSP086',NULL,NULL,NULL,_binary '\0','2021-09-10',26,NULL,NULL,NULL,NULL,0,0),(850,2846,'9M46TSP087',NULL,NULL,NULL,_binary '\0','2021-09-10',26,NULL,NULL,NULL,NULL,0,0),(851,2846,'9M46TSP088',NULL,NULL,NULL,_binary '\0','2021-09-10',26,NULL,NULL,NULL,NULL,0,0),(852,2846,'9M46TSP089',NULL,NULL,NULL,_binary '\0','2021-09-10',26,NULL,NULL,NULL,NULL,0,0),(853,2846,'9M46TSP090',NULL,NULL,NULL,_binary '\0','2021-09-10',26,NULL,NULL,NULL,NULL,0,0),(854,2846,'9M46TSP091',NULL,NULL,NULL,_binary '\0','2021-09-10',26,NULL,NULL,NULL,NULL,0,0),(855,2846,'9M46TSP092',NULL,NULL,NULL,_binary '\0','2021-09-10',26,NULL,NULL,NULL,NULL,0,0),(856,2846,'9M46TSP093',NULL,NULL,NULL,_binary '\0','2021-09-10',26,NULL,NULL,NULL,NULL,0,0),(857,2846,'9M46TSP094',NULL,NULL,NULL,_binary '\0','2021-09-10',26,NULL,NULL,NULL,NULL,0,0),(858,2846,'9M46TSP095',NULL,NULL,NULL,_binary '\0','2021-09-10',26,NULL,NULL,NULL,NULL,0,0),(859,2749,'9M47IM283',NULL,NULL,NULL,_binary '\0','2021-09-10',5,NULL,NULL,NULL,NULL,0,0),(860,2724,'9M48MO321',NULL,NULL,NULL,_binary '\0','2021-09-10',3,NULL,NULL,NULL,NULL,0,0),(861,2724,'9M50MO328',NULL,NULL,NULL,_binary '\0','2021-09-10',3,NULL,NULL,NULL,NULL,0,0),(862,2724,'9M52MO324',NULL,NULL,NULL,_binary '\0','2021-09-10',3,NULL,NULL,NULL,NULL,0,0),(863,2724,'9M58MO322',NULL,NULL,NULL,_binary '\0','2021-09-10',3,NULL,NULL,NULL,NULL,0,0),(864,2724,'9M58MO323',NULL,NULL,NULL,_binary '\0','2021-09-10',3,NULL,NULL,NULL,NULL,0,0),(865,2749,'9M59IM282',NULL,NULL,NULL,_binary '\0','2021-09-10',5,NULL,NULL,NULL,NULL,0,0),(866,2724,'9M59MO317',NULL,NULL,NULL,_binary '\0','2021-09-10',3,NULL,NULL,NULL,NULL,0,0),(867,2724,'9M59MO318',NULL,NULL,NULL,_binary '\0','2021-09-10',3,NULL,NULL,NULL,NULL,0,0),(868,2724,'9M59MO319',NULL,NULL,NULL,_binary '\0','2021-09-10',3,NULL,NULL,NULL,NULL,0,0),(869,2724,'9M59MO320',NULL,NULL,NULL,_binary '\0','2021-09-10',3,NULL,NULL,NULL,NULL,0,0),(870,2724,'9M59MO330',NULL,NULL,NULL,_binary '\0','2021-09-10',3,NULL,NULL,NULL,NULL,0,0),(871,2724,'9M85MO329',NULL,NULL,NULL,_binary '\0','2021-09-10',3,NULL,NULL,NULL,NULL,0,0),(872,2871,'9N42UTM17',NULL,NULL,NULL,_binary '\0','2021-09-10',44,NULL,NULL,NULL,NULL,0,0),(873,2871,'9N42UTM18',NULL,NULL,NULL,_binary '\0','2021-09-10',44,NULL,NULL,NULL,NULL,0,0),(874,2873,'9N46ADB01',NULL,NULL,NULL,_binary '\0','2021-09-10',32,NULL,NULL,NULL,NULL,0,0),(875,2873,'9N46ADB02',NULL,NULL,NULL,_binary '\0','2021-09-10',32,NULL,NULL,NULL,NULL,0,0),(876,2873,'9N46ADB03',NULL,NULL,NULL,_binary '\0','2021-09-10',32,NULL,NULL,NULL,NULL,0,0),(877,2873,'9N46ADB04',NULL,NULL,NULL,_binary '\0','2021-09-10',32,NULL,NULL,NULL,NULL,0,0),(878,2873,'9N46ADB05',NULL,NULL,NULL,_binary '\0','2021-09-10',32,NULL,NULL,NULL,NULL,0,0),(879,2878,'9N46ARD01',NULL,NULL,NULL,_binary '\0','2021-09-10',29,NULL,NULL,NULL,NULL,0,0),(880,2879,'9N46ARD02',NULL,NULL,NULL,_binary '\0','2021-09-10',29,NULL,NULL,NULL,NULL,0,0),(881,2880,'9N46ARD03',NULL,NULL,NULL,_binary '\0','2021-09-10',29,NULL,NULL,NULL,NULL,0,0),(882,2881,'9N46ARM06',NULL,NULL,NULL,_binary '\0','2021-09-10',29,NULL,NULL,NULL,NULL,0,0),(883,2882,'9N46ARM07',NULL,NULL,NULL,_binary '\0','2021-09-10',29,NULL,NULL,NULL,NULL,0,0),(884,2883,'9N46DD11',NULL,NULL,NULL,_binary '\0','2021-09-10',31,NULL,NULL,NULL,NULL,0,0),(885,2884,'9N46DD15',NULL,NULL,NULL,_binary '\0','2021-09-10',31,NULL,NULL,NULL,NULL,0,0),(886,2884,'9N46DD16',NULL,NULL,NULL,_binary '\0','2021-09-10',31,NULL,NULL,NULL,NULL,0,0),(887,2886,'9N46DD26',NULL,NULL,NULL,_binary '\0','2021-09-10',31,NULL,NULL,NULL,NULL,0,0),(888,2887,'9N46DD27',NULL,NULL,NULL,_binary '\0','2021-09-10',31,NULL,NULL,NULL,NULL,0,0),(889,2888,'9N46DD28',NULL,NULL,NULL,_binary '\0','2021-09-10',31,NULL,NULL,NULL,NULL,0,0),(890,2888,'9N46DD29',NULL,NULL,NULL,_binary '\0','2021-09-10',31,NULL,NULL,NULL,NULL,0,0),(891,2888,'9N46DD30',NULL,NULL,NULL,_binary '\0','2021-09-10',31,NULL,NULL,NULL,NULL,0,0),(892,2891,'9N46DD32',NULL,NULL,NULL,_binary '\0','2021-09-10',31,NULL,NULL,NULL,NULL,0,0),(893,2892,'9N46DD33',NULL,NULL,NULL,_binary '\0','2021-09-10',31,NULL,NULL,NULL,NULL,0,0),(894,2893,'9N46GON1',NULL,NULL,NULL,_binary '\0','2021-09-10',33,NULL,NULL,NULL,NULL,0,0),(895,2894,'9N46GRV05',NULL,NULL,NULL,_binary '\0','2021-09-10',34,NULL,NULL,NULL,NULL,0,0),(896,2894,'9N46GRV06',NULL,NULL,NULL,_binary '\0','2021-09-10',34,NULL,NULL,NULL,NULL,0,0),(897,2896,'9N46HB005',NULL,NULL,NULL,_binary '\0','2021-09-10',37,NULL,NULL,NULL,NULL,0,0),(898,2897,'9N46IM101',NULL,NULL,NULL,_binary '\0','2021-09-10',5,NULL,NULL,NULL,NULL,0,0),(899,2897,'9N46IM102',NULL,NULL,NULL,_binary '\0','2021-09-10',5,NULL,NULL,NULL,NULL,0,0),(900,2897,'9N46IM106',NULL,NULL,NULL,_binary '\0','2021-09-10',5,NULL,NULL,NULL,NULL,0,0),(901,2897,'9N46IM109',NULL,NULL,NULL,_binary '\0','2021-09-10',5,NULL,NULL,NULL,NULL,0,0),(902,2897,'9N46IM110',NULL,NULL,NULL,_binary '\0','2021-09-10',5,NULL,NULL,NULL,NULL,0,0),(903,2897,'9N46IM111',NULL,NULL,NULL,_binary '\0','2021-09-10',5,NULL,NULL,NULL,NULL,0,0),(904,2897,'9N46IM113',NULL,NULL,NULL,_binary '\0','2021-09-10',5,NULL,NULL,NULL,NULL,0,0),(905,2897,'9N46IM114',NULL,NULL,NULL,_binary '\0','2021-09-10',5,NULL,NULL,NULL,NULL,0,0),(906,2747,'9N46IM136',NULL,NULL,NULL,_binary '\0','2021-09-10',5,NULL,NULL,NULL,NULL,0,0),(907,2906,'9N46IM148',NULL,NULL,NULL,_binary '\0','2021-09-10',5,NULL,NULL,NULL,NULL,0,0),(908,2907,'9N46IM149',NULL,NULL,NULL,_binary '\0','2021-09-10',5,NULL,NULL,NULL,NULL,0,0),(909,2908,'9N46IM150',NULL,NULL,NULL,_binary '\0','2021-09-10',5,NULL,NULL,NULL,NULL,0,0),(910,2908,'9N46IM154',NULL,NULL,NULL,_binary '\0','2021-09-10',5,NULL,NULL,NULL,NULL,0,0),(911,2908,'9N46IM155',NULL,NULL,NULL,_binary '\0','2021-09-10',5,NULL,NULL,NULL,NULL,0,0),(912,2911,'9N46IM156',NULL,NULL,NULL,_binary '\0','2021-09-10',5,NULL,NULL,NULL,NULL,0,0),(913,2912,'9N46IM168',NULL,NULL,NULL,_binary '\0','2021-09-10',5,NULL,NULL,NULL,NULL,0,0),(914,2739,'9N46IM171',NULL,NULL,NULL,_binary '\0','2021-09-10',5,NULL,NULL,NULL,NULL,0,0),(915,2914,'9N46IM172',NULL,NULL,NULL,_binary '\0','2021-09-10',5,NULL,NULL,NULL,NULL,0,0),(916,2726,'9N46IM188',NULL,NULL,NULL,_binary '\0','2021-09-10',5,NULL,NULL,NULL,NULL,0,0),(917,2916,'9N46IM192',NULL,NULL,NULL,_binary '\0','2021-09-10',5,NULL,NULL,NULL,NULL,0,0),(918,2740,'9N46IM196',NULL,NULL,NULL,_binary '\0','2021-09-10',5,NULL,NULL,NULL,NULL,0,0),(919,2740,'9N46IM197',NULL,NULL,NULL,_binary '\0','2021-09-10',5,NULL,NULL,NULL,NULL,0,0),(920,2740,'9N46IM198',NULL,NULL,NULL,_binary '\0','2021-09-10',5,NULL,NULL,NULL,NULL,0,0),(921,2740,'9N46IM199',NULL,NULL,NULL,_binary '\0','2021-09-10',5,NULL,NULL,NULL,NULL,0,0),(922,2740,'9N46IM200',NULL,NULL,NULL,_binary '\0','2021-09-10',5,NULL,NULL,NULL,NULL,0,0),(923,2740,'9N46IM201',NULL,NULL,NULL,_binary '\0','2021-09-10',5,NULL,NULL,NULL,NULL,0,0),(924,2740,'9N46IM202',NULL,NULL,NULL,_binary '\0','2021-09-10',5,NULL,NULL,NULL,NULL,0,0),(925,2740,'9N46IM203',NULL,NULL,NULL,_binary '\0','2021-09-10',5,NULL,NULL,NULL,NULL,0,0),(926,2740,'9N46IM204',NULL,NULL,NULL,_binary '\0','2021-09-10',5,NULL,NULL,NULL,NULL,0,0),(927,2926,'9N46IM205',NULL,NULL,NULL,_binary '\0','2021-09-10',5,NULL,NULL,NULL,NULL,0,0),(928,2927,'9N46IM206',NULL,NULL,NULL,_binary '\0','2021-09-10',5,NULL,NULL,NULL,NULL,0,0),(929,2928,'9N46IM209',NULL,NULL,NULL,_binary '\0','2021-09-10',5,NULL,NULL,NULL,NULL,0,0),(930,2929,'9N46IM211',NULL,NULL,NULL,_binary '\0','2021-09-10',5,NULL,NULL,NULL,NULL,0,0),(931,2929,'9N46IM212',NULL,NULL,NULL,_binary '\0','2021-09-10',5,NULL,NULL,NULL,NULL,0,0),(932,2929,'9N46IM213',NULL,NULL,NULL,_binary '\0','2021-09-10',5,NULL,NULL,NULL,NULL,0,0),(933,2929,'9N46IM214',NULL,NULL,NULL,_binary '\0','2021-09-10',5,NULL,NULL,NULL,NULL,0,0),(934,2929,'9N46IM215',NULL,NULL,NULL,_binary '\0','2021-09-10',5,NULL,NULL,NULL,NULL,0,0),(935,2929,'9N46IM216',NULL,NULL,NULL,_binary '\0','2021-09-10',5,NULL,NULL,NULL,NULL,0,0),(936,2929,'9N46IM217',NULL,NULL,NULL,_binary '\0','2021-09-10',5,NULL,NULL,NULL,NULL,0,0),(937,2929,'9N46IM218',NULL,NULL,NULL,_binary '\0','2021-09-10',5,NULL,NULL,NULL,NULL,0,0),(938,2937,'9N46IM221',NULL,NULL,NULL,_binary '\0','2021-09-10',5,NULL,NULL,NULL,NULL,0,0),(939,2937,'9N46IM222',NULL,NULL,NULL,_binary '\0','2021-09-10',5,NULL,NULL,NULL,NULL,0,0),(940,2937,'9N46IM223',NULL,NULL,NULL,_binary '\0','2021-09-10',5,NULL,NULL,NULL,NULL,0,0),(941,2937,'9N46IM224',NULL,NULL,NULL,_binary '\0','2021-09-10',5,NULL,NULL,NULL,NULL,0,0),(942,2937,'9N46IM225',NULL,NULL,NULL,_binary '\0','2021-09-10',5,NULL,NULL,NULL,NULL,0,0),(943,2937,'9N46IM226',NULL,NULL,NULL,_binary '\0','2021-09-10',5,NULL,NULL,NULL,NULL,0,0),(944,2943,'9N46IM227',NULL,NULL,NULL,_binary '\0','2021-09-10',5,NULL,NULL,NULL,NULL,0,0),(945,2943,'9N46IM229',NULL,NULL,NULL,_binary '\0','2021-09-10',5,NULL,NULL,NULL,NULL,0,0),(946,2943,'9N46IM231',NULL,NULL,NULL,_binary '\0','2021-09-10',5,NULL,NULL,NULL,NULL,0,0),(947,2943,'9N46IM232',NULL,NULL,NULL,_binary '\0','2021-09-10',5,NULL,NULL,NULL,NULL,0,0),(948,2943,'9N46IM233',NULL,NULL,NULL,_binary '\0','2021-09-10',5,NULL,NULL,NULL,NULL,0,0),(949,2943,'9N46IM234',NULL,NULL,NULL,_binary '\0','2021-09-10',5,NULL,NULL,NULL,NULL,0,0),(950,2949,'9N46IM235',NULL,NULL,NULL,_binary '\0','2021-09-10',5,NULL,NULL,NULL,NULL,0,0),(951,2949,'9N46IM236',NULL,NULL,NULL,_binary '\0','2021-09-10',5,NULL,NULL,NULL,NULL,0,0),(952,2951,'9N46IM238',NULL,NULL,NULL,_binary '\0','2021-09-10',5,NULL,NULL,NULL,NULL,0,0),(953,2951,'9N46IM239',NULL,NULL,NULL,_binary '\0','2021-09-10',5,NULL,NULL,NULL,NULL,0,0),(954,2951,'9N46IM240',NULL,NULL,NULL,_binary '\0','2021-09-10',5,NULL,NULL,NULL,NULL,0,0),(955,2951,'9N46IM241',NULL,NULL,NULL,_binary '\0','2021-09-10',5,NULL,NULL,NULL,NULL,0,0),(956,2955,'9N46IM242',NULL,NULL,NULL,_binary '\0','2021-09-10',5,NULL,NULL,NULL,NULL,0,0),(957,2951,'9N46IM243',NULL,NULL,NULL,_binary '\0','2021-09-10',5,NULL,NULL,NULL,NULL,0,0),(958,2951,'9N46IM244',NULL,NULL,NULL,_binary '\0','2021-09-10',5,NULL,NULL,NULL,NULL,0,0),(959,2951,'9N46IM245',NULL,NULL,NULL,_binary '\0','2021-09-10',5,NULL,NULL,NULL,NULL,0,0),(960,2951,'9N46IM246',NULL,NULL,NULL,_binary '\0','2021-09-10',5,NULL,NULL,NULL,NULL,0,0),(961,2955,'9N46IM247',NULL,NULL,NULL,_binary '\0','2021-09-10',5,NULL,NULL,NULL,NULL,0,0),(962,2961,'9N46IM248',NULL,NULL,NULL,_binary '\0','2021-09-10',5,NULL,NULL,NULL,NULL,0,0),(963,2962,'9N46IM249',NULL,NULL,NULL,_binary '\0','2021-09-10',5,NULL,NULL,NULL,NULL,0,0),(964,2962,'9N46IM250',NULL,NULL,NULL,_binary '\0','2021-09-10',5,NULL,NULL,NULL,NULL,0,0),(965,2962,'9N46IM251',NULL,NULL,NULL,_binary '\0','2021-09-10',5,NULL,NULL,NULL,NULL,0,0),(966,2962,'9N46IM252',NULL,NULL,NULL,_binary '\0','2021-09-10',5,NULL,NULL,NULL,NULL,0,0),(967,2962,'9N46IM253',NULL,NULL,NULL,_binary '\0','2021-09-10',5,NULL,NULL,NULL,NULL,0,0),(968,2962,'9N46IM254',NULL,NULL,NULL,_binary '\0','2021-09-10',5,NULL,NULL,NULL,NULL,0,0),(969,2962,'9N46IM255',NULL,NULL,NULL,_binary '\0','2021-09-10',5,NULL,NULL,NULL,NULL,0,0),(970,2962,'9N46IM256',NULL,NULL,NULL,_binary '\0','2021-09-10',5,NULL,NULL,NULL,NULL,0,0),(971,2962,'9N46IM257',NULL,NULL,NULL,_binary '\0','2021-09-10',5,NULL,NULL,NULL,NULL,0,0),(972,2962,'9N46IM258',NULL,NULL,NULL,_binary '\0','2021-09-10',5,NULL,NULL,NULL,NULL,0,0),(973,2972,'9N46IM259',NULL,NULL,NULL,_binary '\0','2021-09-10',5,NULL,NULL,NULL,NULL,0,0),(974,2973,'9N46IM260',NULL,NULL,NULL,_binary '\0','2021-09-10',5,NULL,NULL,NULL,NULL,0,0),(975,2974,'9N46IM261',NULL,NULL,NULL,_binary '\0','2021-09-10',5,NULL,NULL,NULL,NULL,0,0),(976,2951,'9N46IM262',NULL,NULL,NULL,_binary '\0','2021-09-10',5,NULL,NULL,NULL,NULL,0,0),(977,2951,'9N46IM263',NULL,NULL,NULL,_binary '\0','2021-09-10',5,NULL,NULL,NULL,NULL,0,0),(978,2951,'9N46IM264',NULL,NULL,NULL,_binary '\0','2021-09-10',5,NULL,NULL,NULL,NULL,0,0),(979,2951,'9N46IM265',NULL,NULL,NULL,_binary '\0','2021-09-10',5,NULL,NULL,NULL,NULL,0,0),(980,2951,'9N46IM266',NULL,NULL,NULL,_binary '\0','2021-09-10',5,NULL,NULL,NULL,NULL,0,0),(981,2951,'9N46IM267',NULL,NULL,NULL,_binary '\0','2021-09-10',5,NULL,NULL,NULL,NULL,0,0),(982,2951,'9N46IM268',NULL,NULL,NULL,_binary '\0','2021-09-10',5,NULL,NULL,NULL,NULL,0,0),(983,2951,'9N46IM269',NULL,NULL,NULL,_binary '\0','2021-09-10',5,NULL,NULL,NULL,NULL,0,0),(984,2951,'9N46IM270',NULL,NULL,NULL,_binary '\0','2021-09-10',5,NULL,NULL,NULL,NULL,0,0),(985,2951,'9N46IM271',NULL,NULL,NULL,_binary '\0','2021-09-10',5,NULL,NULL,NULL,NULL,0,0),(986,2972,'9N46IM272',NULL,NULL,NULL,_binary '\0','2021-09-10',5,NULL,NULL,NULL,NULL,0,0),(987,2972,'9N46IM273',NULL,NULL,NULL,_binary '\0','2021-09-10',5,NULL,NULL,NULL,NULL,0,0),(988,2987,'9N46IM274',NULL,NULL,NULL,_binary '\0','2021-09-10',5,NULL,NULL,NULL,NULL,0,0),(989,2974,'9N46IM275',NULL,NULL,NULL,_binary '\0','2021-09-10',5,NULL,NULL,NULL,NULL,0,0),(990,2974,'9N46IM276',NULL,NULL,NULL,_binary '\0','2021-09-10',5,NULL,NULL,NULL,NULL,0,0),(991,2990,'9N46IM284',NULL,NULL,NULL,_binary '\0','2021-09-10',5,NULL,NULL,NULL,NULL,0,0),(992,2991,'9N46IM285',NULL,NULL,NULL,_binary '\0','2021-09-10',5,NULL,NULL,NULL,NULL,0,0),(993,2992,'9N46IM286',NULL,NULL,NULL,_binary '\0','2021-09-10',5,NULL,NULL,NULL,NULL,0,0),(994,2992,'9N46IM287',NULL,NULL,NULL,_binary '\0','2021-09-10',5,NULL,NULL,NULL,NULL,0,0),(995,2992,'9N46IM288',NULL,NULL,NULL,_binary '\0','2021-09-10',5,NULL,NULL,NULL,NULL,0,0),(996,2992,'9N46IM289',NULL,NULL,NULL,_binary '\0','2021-09-10',5,NULL,NULL,NULL,NULL,0,0),(997,2992,'9N46IM290',NULL,NULL,NULL,_binary '\0','2021-09-10',5,NULL,NULL,NULL,NULL,0,0),(998,2992,'9N46IM291',NULL,NULL,NULL,_binary '\0','2021-09-10',5,NULL,NULL,NULL,NULL,0,0),(999,2992,'9N46IM292',NULL,NULL,NULL,_binary '\0','2021-09-10',5,NULL,NULL,NULL,NULL,0,0),(1000,2992,'9N46IM293',NULL,NULL,NULL,_binary '\0','2021-09-10',5,NULL,NULL,NULL,NULL,0,0),(1001,2992,'9N46IM294',NULL,NULL,NULL,_binary '\0','2021-09-10',5,NULL,NULL,NULL,NULL,0,0),(1002,2992,'9N46IM295',NULL,NULL,NULL,_binary '\0','2021-09-10',5,NULL,NULL,NULL,NULL,0,0),(1003,2992,'9N46IM296',NULL,NULL,NULL,_binary '\0','2021-09-10',5,NULL,NULL,NULL,NULL,0,0),(1004,2992,'9N46IM297',NULL,NULL,NULL,_binary '\0','2021-09-10',5,NULL,NULL,NULL,NULL,0,0),(1005,2992,'9N46IM298',NULL,NULL,NULL,_binary '\0','2021-09-10',5,NULL,NULL,NULL,NULL,0,0),(1006,2992,'9N46IM299',NULL,NULL,NULL,_binary '\0','2021-09-10',5,NULL,NULL,NULL,NULL,0,0),(1007,2992,'9N46IM300',NULL,NULL,NULL,_binary '\0','2021-09-10',5,NULL,NULL,NULL,NULL,0,0),(1008,2992,'9N46IM301',NULL,NULL,NULL,_binary '\0','2021-09-10',5,NULL,NULL,NULL,NULL,0,0),(1009,2992,'9N46IM302',NULL,NULL,NULL,_binary '\0','2021-09-10',5,NULL,NULL,NULL,NULL,0,0),(1010,2992,'9N46IM303',NULL,NULL,NULL,_binary '\0','2021-09-10',5,NULL,NULL,NULL,NULL,0,0),(1011,2992,'9N46IM304',NULL,NULL,NULL,_binary '\0','2021-09-10',5,NULL,NULL,NULL,NULL,0,0),(1012,2992,'9N46IM305',NULL,NULL,NULL,_binary '\0','2021-09-10',5,NULL,NULL,NULL,NULL,0,0),(1013,2992,'9N46IM306',NULL,NULL,NULL,_binary '\0','2021-09-10',5,NULL,NULL,NULL,NULL,0,0),(1014,2992,'9N46IM307',NULL,NULL,NULL,_binary '\0','2021-09-10',5,NULL,NULL,NULL,NULL,0,0),(1015,2992,'9N46IM308',NULL,NULL,NULL,_binary '\0','2021-09-10',5,NULL,NULL,NULL,NULL,0,0),(1016,2992,'9N46IM309',NULL,NULL,NULL,_binary '\0','2021-09-10',5,NULL,NULL,NULL,NULL,0,0),(1017,2992,'9N46IM310',NULL,NULL,NULL,_binary '\0','2021-09-10',5,NULL,NULL,NULL,NULL,0,0),(1018,3017,'9N46IM317',NULL,NULL,NULL,_binary '\0','2021-09-10',5,NULL,NULL,NULL,NULL,0,0),(1019,3017,'9N46IM318',NULL,NULL,NULL,_binary '\0','2021-09-10',5,NULL,NULL,NULL,NULL,0,0),(1020,3017,'9N46IM319',NULL,NULL,NULL,_binary '\0','2021-09-10',5,NULL,NULL,NULL,NULL,0,0),(1021,2943,'9N46IM320',NULL,NULL,NULL,_binary '\0','2021-09-10',5,NULL,NULL,NULL,NULL,0,0),(1022,2943,'9N46IM321',NULL,NULL,NULL,_binary '\0','2021-09-10',5,NULL,NULL,NULL,NULL,0,0),(1023,2943,'9N46IM322',NULL,NULL,NULL,_binary '\0','2021-09-10',5,NULL,NULL,NULL,NULL,0,0),(1024,2943,'9N46IM323',NULL,NULL,NULL,_binary '\0','2021-09-10',5,NULL,NULL,NULL,NULL,0,0),(1025,2943,'9N46IM324',NULL,NULL,NULL,_binary '\0','2021-09-10',5,NULL,NULL,NULL,NULL,0,0),(1026,2943,'9N46IM325',NULL,NULL,NULL,_binary '\0','2021-09-10',5,NULL,NULL,NULL,NULL,0,0),(1027,2943,'9N46IM326',NULL,NULL,NULL,_binary '\0','2021-09-10',5,NULL,NULL,NULL,NULL,0,0),(1028,2943,'9N46IM327',NULL,NULL,NULL,_binary '\0','2021-09-10',5,NULL,NULL,NULL,NULL,0,0),(1029,2943,'9N46IM328',NULL,NULL,NULL,_binary '\0','2021-09-10',5,NULL,NULL,NULL,NULL,0,0),(1030,2943,'9N46IM329',NULL,NULL,NULL,_binary '\0','2021-09-10',5,NULL,NULL,NULL,NULL,0,0),(1031,2943,'9N46IM330',NULL,NULL,NULL,_binary '\0','2021-09-10',5,NULL,NULL,NULL,NULL,0,0),(1032,2943,'9N46IM331',NULL,NULL,NULL,_binary '\0','2021-09-10',5,NULL,NULL,NULL,NULL,0,0),(1033,2943,'9N46IM332',NULL,NULL,NULL,_binary '\0','2021-09-10',5,NULL,NULL,NULL,NULL,0,0),(1034,2943,'9N46IM333',NULL,NULL,NULL,_binary '\0','2021-09-10',5,NULL,NULL,NULL,NULL,0,0),(1035,2943,'9N46IM334',NULL,NULL,NULL,_binary '\0','2021-09-10',5,NULL,NULL,NULL,NULL,0,0),(1036,3035,'9N46IM335',NULL,NULL,NULL,_binary '\0','2021-09-10',5,NULL,NULL,NULL,NULL,0,0),(1037,3035,'9N46IM336',NULL,NULL,NULL,_binary '\0','2021-09-10',5,NULL,NULL,NULL,NULL,0,0),(1038,3035,'9N46IM337',NULL,NULL,NULL,_binary '\0','2021-09-10',5,NULL,NULL,NULL,NULL,0,0),(1039,3035,'9N46IM338',NULL,NULL,NULL,_binary '\0','2021-09-10',5,NULL,NULL,NULL,NULL,0,0),(1040,3035,'9N46IM339',NULL,NULL,NULL,_binary '\0','2021-09-10',5,NULL,NULL,NULL,NULL,0,0),(1041,3035,'9N46IM340',NULL,NULL,NULL,_binary '\0','2021-09-10',5,NULL,NULL,NULL,NULL,0,0),(1042,3035,'9N46IM341',NULL,NULL,NULL,_binary '\0','2021-09-10',5,NULL,NULL,NULL,NULL,0,0),(1043,3035,'9N46IM342',NULL,NULL,NULL,_binary '\0','2021-09-10',5,NULL,NULL,NULL,NULL,0,0),(1044,3035,'9N46IM343',NULL,NULL,NULL,_binary '\0','2021-09-10',5,NULL,NULL,NULL,NULL,0,0),(1045,3035,'9N46IM344',NULL,NULL,NULL,_binary '\0','2021-09-10',5,NULL,NULL,NULL,NULL,0,0),(1046,3045,'9N46IM350',NULL,NULL,NULL,_binary '\0','2021-09-10',5,NULL,NULL,NULL,NULL,0,0),(1047,3045,'9N46IM351',NULL,NULL,NULL,_binary '\0','2021-09-10',5,NULL,NULL,NULL,NULL,0,0),(1048,3045,'9N46IM352',NULL,NULL,NULL,_binary '\0','2021-09-10',5,NULL,NULL,NULL,NULL,0,0),(1049,3045,'9N46IM353',NULL,NULL,NULL,_binary '\0','2021-09-10',5,NULL,NULL,NULL,NULL,0,0),(1050,3045,'9N46IM354',NULL,NULL,NULL,_binary '\0','2021-09-10',5,NULL,NULL,NULL,NULL,0,0),(1051,3045,'9N46IM355',NULL,NULL,NULL,_binary '\0','2021-09-10',5,NULL,NULL,NULL,NULL,0,0),(1052,3045,'9N46IM356',NULL,NULL,NULL,_binary '\0','2021-09-10',5,NULL,NULL,NULL,NULL,0,0),(1053,3045,'9N46IM357',NULL,NULL,NULL,_binary '\0','2021-09-10',5,NULL,NULL,NULL,NULL,0,0),(1054,3045,'9N46IM358',NULL,NULL,NULL,_binary '\0','2021-09-10',5,NULL,NULL,NULL,NULL,0,0),(1055,3045,'9N46IM359',NULL,NULL,NULL,_binary '\0','2021-09-10',5,NULL,NULL,NULL,NULL,0,0),(1056,3055,'9N46IM360',NULL,NULL,NULL,_binary '\0','2021-09-10',5,NULL,NULL,NULL,NULL,0,0),(1057,3055,'9N46IM361',NULL,NULL,NULL,_binary '\0','2021-09-10',5,NULL,NULL,NULL,NULL,0,0),(1058,3055,'9N46IM362',NULL,NULL,NULL,_binary '\0','2021-09-10',5,NULL,NULL,NULL,NULL,0,0),(1059,3058,'9N46IM363',NULL,NULL,NULL,_binary '\0','2021-09-10',5,NULL,NULL,NULL,NULL,0,0),(1060,3058,'9N46IM364',NULL,NULL,NULL,_binary '\0','2021-09-10',5,NULL,NULL,NULL,NULL,0,0),(1061,3058,'9N46IM365',NULL,NULL,NULL,_binary '\0','2021-09-10',5,NULL,NULL,NULL,NULL,0,0),(1062,3058,'9N46IM366',NULL,NULL,NULL,_binary '\0','2021-09-10',5,NULL,NULL,NULL,NULL,0,0),(1063,3058,'9N46IM367',NULL,NULL,NULL,_binary '\0','2021-09-10',5,NULL,NULL,NULL,NULL,0,0),(1064,3058,'9N46IM368',NULL,NULL,NULL,_binary '\0','2021-09-10',5,NULL,NULL,NULL,NULL,0,0),(1065,3058,'9N46IM369',NULL,NULL,NULL,_binary '\0','2021-09-10',5,NULL,NULL,NULL,NULL,0,0),(1066,3058,'9N46IM370',NULL,NULL,NULL,_binary '\0','2021-09-10',5,NULL,NULL,NULL,NULL,0,0),(1067,3058,'9N46IM371',NULL,NULL,NULL,_binary '\0','2021-09-10',5,NULL,NULL,NULL,NULL,0,0),(1068,3058,'9N46IM372',NULL,NULL,NULL,_binary '\0','2021-09-10',5,NULL,NULL,NULL,NULL,0,0),(1069,3058,'9N46IM373',NULL,NULL,NULL,_binary '\0','2021-09-10',5,NULL,NULL,NULL,NULL,0,0),(1070,3058,'9N46IM374',NULL,NULL,NULL,_binary '\0','2021-09-10',5,NULL,NULL,NULL,NULL,0,0),(1071,3058,'9N46IM375',NULL,NULL,NULL,_binary '\0','2021-09-10',5,NULL,NULL,NULL,NULL,0,0),(1072,3058,'9N46IM376',NULL,NULL,NULL,_binary '\0','2021-09-10',5,NULL,NULL,NULL,NULL,0,0),(1073,3058,'9N46IM377',NULL,NULL,NULL,_binary '\0','2021-09-10',5,NULL,NULL,NULL,NULL,0,0),(1074,3073,'9N46IM379',NULL,NULL,NULL,_binary '\0','2021-09-10',5,NULL,NULL,NULL,NULL,0,0),(1075,3073,'9N46IM380',NULL,NULL,NULL,_binary '\0','2021-09-10',5,NULL,NULL,NULL,NULL,0,0),(1076,3073,'9N46IM381',NULL,NULL,NULL,_binary '\0','2021-09-10',5,NULL,NULL,NULL,NULL,0,0),(1077,3073,'9N46IM382',NULL,NULL,NULL,_binary '\0','2021-09-10',5,NULL,NULL,NULL,NULL,0,0),(1078,3073,'9N46IM383',NULL,NULL,NULL,_binary '\0','2021-09-10',5,NULL,NULL,NULL,NULL,0,0),(1079,3073,'9N46IM384',NULL,NULL,NULL,_binary '\0','2021-09-10',5,NULL,NULL,NULL,NULL,0,0),(1080,3073,'9N46IM385',NULL,NULL,NULL,_binary '\0','2021-09-10',5,NULL,NULL,NULL,NULL,0,0),(1081,3073,'9N46IM386',NULL,NULL,NULL,_binary '\0','2021-09-10',5,NULL,NULL,NULL,NULL,0,0),(1082,3073,'9N46IM387',NULL,NULL,NULL,_binary '\0','2021-09-10',5,NULL,NULL,NULL,NULL,0,0),(1083,3073,'9N46IM388',NULL,NULL,NULL,_binary '\0','2021-09-10',5,NULL,NULL,NULL,NULL,0,0),(1084,3073,'9N46IM389',NULL,NULL,NULL,_binary '\0','2021-09-10',5,NULL,NULL,NULL,NULL,0,0),(1085,3073,'9N46IM390',NULL,NULL,NULL,_binary '\0','2021-09-10',5,NULL,NULL,NULL,NULL,0,0),(1086,3073,'9N46IM391',NULL,NULL,NULL,_binary '\0','2021-09-10',5,NULL,NULL,NULL,NULL,0,0),(1087,3073,'9N46IM392',NULL,NULL,NULL,_binary '\0','2021-09-10',5,NULL,NULL,NULL,NULL,0,0),(1088,3073,'9N46IM393',NULL,NULL,NULL,_binary '\0','2021-09-10',5,NULL,NULL,NULL,NULL,0,0),(1089,3045,'9N46IM394',NULL,NULL,NULL,_binary '\0','2021-09-10',5,NULL,NULL,NULL,NULL,0,0),(1090,3045,'9N46IM395',NULL,NULL,NULL,_binary '\0','2021-09-10',5,NULL,NULL,NULL,NULL,0,0),(1091,3045,'9N46IM396',NULL,NULL,NULL,_binary '\0','2021-09-10',5,NULL,NULL,NULL,NULL,0,0),(1092,3045,'9N46IM397',NULL,NULL,NULL,_binary '\0','2021-09-10',5,NULL,NULL,NULL,NULL,0,0),(1093,3045,'9N46IM398',NULL,NULL,NULL,_binary '\0','2021-09-10',5,NULL,NULL,NULL,NULL,0,0),(1094,3045,'9N46IM399',NULL,NULL,NULL,_binary '\0','2021-09-10',5,NULL,NULL,NULL,NULL,0,0),(1095,3045,'9N46IM400',NULL,NULL,NULL,_binary '\0','2021-09-10',5,NULL,NULL,NULL,NULL,0,0),(1096,3045,'9N46IM401',NULL,NULL,NULL,_binary '\0','2021-09-10',5,NULL,NULL,NULL,NULL,0,0),(1097,3045,'9N46IM402',NULL,NULL,NULL,_binary '\0','2021-09-10',5,NULL,NULL,NULL,NULL,0,0),(1098,3045,'9N46IM403',NULL,NULL,NULL,_binary '\0','2021-09-10',5,NULL,NULL,NULL,NULL,0,0),(1099,3045,'9N46IM404',NULL,NULL,NULL,_binary '\0','2021-09-10',5,NULL,NULL,NULL,NULL,0,0),(1100,3045,'9N46IM405',NULL,NULL,NULL,_binary '\0','2021-09-10',5,NULL,NULL,NULL,NULL,0,0),(1101,3045,'9N46IM406',NULL,NULL,NULL,_binary '\0','2021-09-10',5,NULL,NULL,NULL,NULL,0,0),(1102,3045,'9N46IM407',NULL,NULL,NULL,_binary '\0','2021-09-10',5,NULL,NULL,NULL,NULL,0,0),(1103,3045,'9N46IM408',NULL,NULL,NULL,_binary '\0','2021-09-10',5,NULL,NULL,NULL,NULL,0,0),(1104,3103,'9N46MO152',NULL,NULL,NULL,_binary '\0','2021-09-10',3,NULL,NULL,NULL,NULL,0,0),(1105,2834,'9N46MO161',NULL,NULL,NULL,_binary '\0','2021-09-10',3,NULL,NULL,NULL,NULL,0,0),(1106,3105,'9N46MO185',NULL,NULL,NULL,_binary '\0','2021-09-10',3,NULL,NULL,NULL,NULL,0,0),(1107,3105,'9N46MO186',NULL,NULL,NULL,_binary '\0','2021-09-10',3,NULL,NULL,NULL,NULL,0,0),(1108,3107,'9N46MO188',NULL,NULL,NULL,_binary '\0','2021-09-10',3,NULL,NULL,NULL,NULL,0,0),(1109,3108,'9N46MO189',NULL,NULL,NULL,_binary '\0','2021-09-10',3,NULL,NULL,NULL,NULL,0,0),(1110,3108,'9N46MO190',NULL,NULL,NULL,_binary '\0','2021-09-10',3,NULL,NULL,NULL,NULL,0,0),(1111,3108,'9N46MO191',NULL,NULL,NULL,_binary '\0','2021-09-10',3,NULL,NULL,NULL,NULL,0,0),(1112,3108,'9N46MO192',NULL,NULL,NULL,_binary '\0','2021-09-10',3,NULL,NULL,NULL,NULL,0,0),(1113,3108,'9N46MO193',NULL,NULL,NULL,_binary '\0','2021-09-10',3,NULL,NULL,NULL,NULL,0,0),(1114,3108,'9N46MO195',NULL,NULL,NULL,_binary '\0','2021-09-10',3,NULL,NULL,NULL,NULL,0,0),(1115,3108,'9N46MO196',NULL,NULL,NULL,_binary '\0','2021-09-10',3,NULL,NULL,NULL,NULL,0,0),(1116,3108,'9N46MO200',NULL,NULL,NULL,_binary '\0','2021-09-10',3,NULL,NULL,NULL,NULL,0,0),(1117,3108,'9N46MO201',NULL,NULL,NULL,_binary '\0','2021-09-10',3,NULL,NULL,NULL,NULL,0,0),(1118,3108,'9N46MO204',NULL,NULL,NULL,_binary '\0','2021-09-10',3,NULL,NULL,NULL,NULL,0,0),(1119,3108,'9N46MO205',NULL,NULL,NULL,_binary '\0','2021-09-10',3,NULL,NULL,NULL,NULL,0,0),(1120,3108,'9N46MO206',NULL,NULL,NULL,_binary '\0','2021-09-10',3,NULL,NULL,NULL,NULL,0,0),(1121,3108,'9N46MO207',NULL,NULL,NULL,_binary '\0','2021-09-10',3,NULL,NULL,NULL,NULL,0,0),(1122,3108,'9N46MO208',NULL,NULL,NULL,_binary '\0','2021-09-10',3,NULL,NULL,NULL,NULL,0,0),(1123,3108,'9N46MO209',NULL,NULL,NULL,_binary '\0','2021-09-10',3,NULL,NULL,NULL,NULL,0,0),(1124,3108,'9N46MO211',NULL,NULL,NULL,_binary '\0','2021-09-10',3,NULL,NULL,NULL,NULL,0,0),(1125,3108,'9N46MO212',NULL,NULL,NULL,_binary '\0','2021-09-10',3,NULL,NULL,NULL,NULL,0,0),(1126,3125,'9N46MO216',NULL,NULL,NULL,_binary '\0','2021-09-10',3,NULL,NULL,NULL,NULL,0,0),(1127,3125,'9N46MO217',NULL,NULL,NULL,_binary '\0','2021-09-10',3,NULL,NULL,NULL,NULL,0,0),(1128,3127,'9N46MO220',NULL,NULL,NULL,_binary '\0','2021-09-10',3,NULL,NULL,NULL,NULL,0,0),(1129,3128,'9N46MO222',NULL,NULL,NULL,_binary '\0','2021-09-10',3,NULL,NULL,NULL,NULL,0,0),(1130,3128,'9N46MO223',NULL,NULL,NULL,_binary '\0','2021-09-10',3,NULL,NULL,NULL,NULL,0,0),(1131,3128,'9N46MO225',NULL,NULL,NULL,_binary '\0','2021-09-10',3,NULL,NULL,NULL,NULL,0,0),(1132,3128,'9N46MO226',NULL,NULL,NULL,_binary '\0','2021-09-10',3,NULL,NULL,NULL,NULL,0,0),(1133,3128,'9N46MO227',NULL,NULL,NULL,_binary '\0','2021-09-10',3,NULL,NULL,NULL,NULL,0,0),(1134,3128,'9N46MO229',NULL,NULL,NULL,_binary '\0','2021-09-10',3,NULL,NULL,NULL,NULL,0,0),(1135,3128,'9N46MO230',NULL,NULL,NULL,_binary '\0','2021-09-10',3,NULL,NULL,NULL,NULL,0,0),(1136,3135,'9N46MO233',NULL,NULL,NULL,_binary '\0','2021-09-10',3,NULL,NULL,NULL,NULL,0,0),(1137,3135,'9N46MO234',NULL,NULL,NULL,_binary '\0','2021-09-10',3,NULL,NULL,NULL,NULL,0,0),(1138,3135,'9N46MO235',NULL,NULL,NULL,_binary '\0','2021-09-10',3,NULL,NULL,NULL,NULL,0,0),(1139,3138,'9N46MO238',NULL,NULL,NULL,_binary '\0','2021-09-10',3,NULL,NULL,NULL,NULL,0,0),(1140,2723,'9N46MO254',NULL,NULL,NULL,_binary '\0','2021-09-10',3,NULL,NULL,NULL,NULL,0,0),(1141,3140,'9N46MO270',NULL,NULL,NULL,_binary '\0','2021-09-10',3,NULL,NULL,NULL,NULL,0,0),(1142,3140,'9N46MO271',NULL,NULL,NULL,_binary '\0','2021-09-10',3,NULL,NULL,NULL,NULL,0,0),(1143,3140,'9N46MO272',NULL,NULL,NULL,_binary '\0','2021-09-10',3,NULL,NULL,NULL,NULL,0,0),(1144,3140,'9N46MO273',NULL,NULL,NULL,_binary '\0','2021-09-10',3,NULL,NULL,NULL,NULL,0,0),(1145,3140,'9N46MO274',NULL,NULL,NULL,_binary '\0','2021-09-10',3,NULL,NULL,NULL,NULL,0,0),(1146,3140,'9N46MO275',NULL,NULL,NULL,_binary '\0','2021-09-10',3,NULL,NULL,NULL,NULL,0,0),(1147,3140,'9N46MO277',NULL,NULL,NULL,_binary '\0','2021-09-10',3,NULL,NULL,NULL,NULL,0,0),(1148,3140,'9N46MO278',NULL,NULL,NULL,_binary '\0','2021-09-10',3,NULL,NULL,NULL,NULL,0,0),(1149,3140,'9N46MO279',NULL,NULL,NULL,_binary '\0','2021-09-10',3,NULL,NULL,NULL,NULL,0,0),(1150,3140,'9N46MO280',NULL,NULL,NULL,_binary '\0','2021-09-10',3,NULL,NULL,NULL,NULL,0,0),(1151,3140,'9N46MO281',NULL,NULL,NULL,_binary '\0','2021-09-10',3,NULL,NULL,NULL,NULL,0,0),(1152,3140,'9N46MO282',NULL,NULL,NULL,_binary '\0','2021-09-10',3,NULL,NULL,NULL,NULL,0,0),(1153,3140,'9N46MO283',NULL,NULL,NULL,_binary '\0','2021-09-10',3,NULL,NULL,NULL,NULL,0,0),(1154,3153,'9N46MO285',NULL,NULL,NULL,_binary '\0','2021-09-10',3,NULL,NULL,NULL,NULL,0,0),(1155,3153,'9N46MO286',NULL,NULL,NULL,_binary '\0','2021-09-10',3,NULL,NULL,NULL,NULL,0,0),(1156,3153,'9N46MO287',NULL,NULL,NULL,_binary '\0','2021-09-10',3,NULL,NULL,NULL,NULL,0,0),(1157,3153,'9N46MO288',NULL,NULL,NULL,_binary '\0','2021-09-10',3,NULL,NULL,NULL,NULL,0,0),(1158,3153,'9N46MO289',NULL,NULL,NULL,_binary '\0','2021-09-10',3,NULL,NULL,NULL,NULL,0,0),(1159,3153,'9N46MO290',NULL,NULL,NULL,_binary '\0','2021-09-10',3,NULL,NULL,NULL,NULL,0,0),(1160,3153,'9N46MO291',NULL,NULL,NULL,_binary '\0','2021-09-10',3,NULL,NULL,NULL,NULL,0,0),(1161,3153,'9N46MO292',NULL,NULL,NULL,_binary '\0','2021-09-10',3,NULL,NULL,NULL,NULL,0,0),(1162,3153,'9N46MO293',NULL,NULL,NULL,_binary '\0','2021-09-10',3,NULL,NULL,NULL,NULL,0,0),(1163,3153,'9N46MO294',NULL,NULL,NULL,_binary '\0','2021-09-10',3,NULL,NULL,NULL,NULL,0,0),(1164,3153,'9N46MO295',NULL,NULL,NULL,_binary '\0','2021-09-10',3,NULL,NULL,NULL,NULL,0,0),(1165,3153,'9N46MO296',NULL,NULL,NULL,_binary '\0','2021-09-10',3,NULL,NULL,NULL,NULL,0,0),(1166,3153,'9N46MO297',NULL,NULL,NULL,_binary '\0','2021-09-10',3,NULL,NULL,NULL,NULL,0,0),(1167,3153,'9N46MO298',NULL,NULL,NULL,_binary '\0','2021-09-10',3,NULL,NULL,NULL,NULL,0,0),(1168,3153,'9N46MO299',NULL,NULL,NULL,_binary '\0','2021-09-10',3,NULL,NULL,NULL,NULL,0,0),(1169,3153,'9N46MO300',NULL,NULL,NULL,_binary '\0','2021-09-10',3,NULL,NULL,NULL,NULL,0,0),(1170,3153,'9N46MO301',NULL,NULL,NULL,_binary '\0','2021-09-10',3,NULL,NULL,NULL,NULL,0,0),(1171,3153,'9N46MO302',NULL,NULL,NULL,_binary '\0','2021-09-10',3,NULL,NULL,NULL,NULL,0,0),(1172,3153,'9N46MO303',NULL,NULL,NULL,_binary '\0','2021-09-10',3,NULL,NULL,NULL,NULL,0,0),(1173,3153,'9N46MO304',NULL,NULL,NULL,_binary '\0','2021-09-10',3,NULL,NULL,NULL,NULL,0,0),(1174,3173,'9N46MO305',NULL,NULL,NULL,_binary '\0','2021-09-10',3,NULL,NULL,NULL,NULL,0,0),(1175,3174,'9N46MO306',NULL,NULL,NULL,_binary '\0','2021-09-10',3,NULL,NULL,NULL,NULL,0,0),(1176,3175,'9N46MO307',NULL,NULL,NULL,_binary '\0','2021-09-10',3,NULL,NULL,NULL,NULL,0,0),(1177,2724,'9N46MO340',NULL,NULL,NULL,_binary '\0','2021-09-10',3,NULL,NULL,NULL,NULL,0,0),(1178,3177,'9N46MO344',NULL,NULL,NULL,_binary '\0','2021-09-10',3,NULL,NULL,NULL,NULL,0,0),(1179,3177,'9N46MO345',NULL,NULL,NULL,_binary '\0','2021-09-10',3,NULL,NULL,NULL,NULL,0,0),(1180,3177,'9N46MO346',NULL,NULL,NULL,_binary '\0','2021-09-10',3,NULL,NULL,NULL,NULL,0,0),(1181,3177,'9N46MO347',NULL,NULL,NULL,_binary '\0','2021-09-10',3,NULL,NULL,NULL,NULL,0,0),(1182,3177,'9N46MO348',NULL,NULL,NULL,_binary '\0','2021-09-10',3,NULL,NULL,NULL,NULL,0,0),(1183,3177,'9N46MO349',NULL,NULL,NULL,_binary '\0','2021-09-10',3,NULL,NULL,NULL,NULL,0,0),(1184,3177,'9N46MO350',NULL,NULL,NULL,_binary '\0','2021-09-10',3,NULL,NULL,NULL,NULL,0,0),(1185,3177,'9N46MO351',NULL,NULL,NULL,_binary '\0','2021-09-10',3,NULL,NULL,NULL,NULL,0,0),(1186,3177,'9N46MO352',NULL,NULL,NULL,_binary '\0','2021-09-10',3,NULL,NULL,NULL,NULL,0,0),(1187,3177,'9N46MO353',NULL,NULL,NULL,_binary '\0','2021-09-10',3,NULL,NULL,NULL,NULL,0,0),(1188,3177,'9N46MO354',NULL,NULL,NULL,_binary '\0','2021-09-10',3,NULL,NULL,NULL,NULL,0,0),(1189,3177,'9N46MO355',NULL,NULL,NULL,_binary '\0','2021-09-10',3,NULL,NULL,NULL,NULL,0,0),(1190,3177,'9N46MO356',NULL,NULL,NULL,_binary '\0','2021-09-10',3,NULL,NULL,NULL,NULL,0,0),(1191,3177,'9N46MO357',NULL,NULL,NULL,_binary '\0','2021-09-10',3,NULL,NULL,NULL,NULL,0,0),(1192,3177,'9N46MO358',NULL,NULL,NULL,_binary '\0','2021-09-10',3,NULL,NULL,NULL,NULL,0,0),(1193,3177,'9N46MO359',NULL,NULL,NULL,_binary '\0','2021-09-10',3,NULL,NULL,NULL,NULL,0,0),(1194,3177,'9N46MO360',NULL,NULL,NULL,_binary '\0','2021-09-10',3,NULL,NULL,NULL,NULL,0,0),(1195,3177,'9N46MO361',NULL,NULL,NULL,_binary '\0','2021-09-10',3,NULL,NULL,NULL,NULL,0,0),(1196,3177,'9N46MO362',NULL,NULL,NULL,_binary '\0','2021-09-10',3,NULL,NULL,NULL,NULL,0,0),(1197,3177,'9N46MO363',NULL,NULL,NULL,_binary '\0','2021-09-10',3,NULL,NULL,NULL,NULL,0,0),(1198,3177,'9N46MO364',NULL,NULL,NULL,_binary '\0','2021-09-10',3,NULL,NULL,NULL,NULL,0,0),(1199,3177,'9N46MO365',NULL,NULL,NULL,_binary '\0','2021-09-10',3,NULL,NULL,NULL,NULL,0,0),(1200,3177,'9N46MO366',NULL,NULL,NULL,_binary '\0','2021-09-10',3,NULL,NULL,NULL,NULL,0,0),(1201,3177,'9N46MO367',NULL,NULL,NULL,_binary '\0','2021-09-10',3,NULL,NULL,NULL,NULL,0,0),(1202,3177,'9N46MO368',NULL,NULL,NULL,_binary '\0','2021-09-10',3,NULL,NULL,NULL,NULL,0,0),(1203,3202,'9N46MO371',NULL,NULL,NULL,_binary '\0','2021-09-10',3,NULL,NULL,NULL,NULL,0,0),(1204,3202,'9N46MO372',NULL,NULL,NULL,_binary '\0','2021-09-10',3,NULL,NULL,NULL,NULL,0,0),(1205,3202,'9N46MO373',NULL,NULL,NULL,_binary '\0','2021-09-10',3,NULL,NULL,NULL,NULL,0,0),(1206,3202,'9N46MO374',NULL,NULL,NULL,_binary '\0','2021-09-10',3,NULL,NULL,NULL,NULL,0,0),(1207,3202,'9N46MO375',NULL,NULL,NULL,_binary '\0','2021-09-10',3,NULL,NULL,NULL,NULL,0,0),(1208,3202,'9N46MO376',NULL,NULL,NULL,_binary '\0','2021-09-10',3,NULL,NULL,NULL,NULL,0,0),(1209,3202,'9N46MO377',NULL,NULL,NULL,_binary '\0','2021-09-10',3,NULL,NULL,NULL,NULL,0,0),(1210,3202,'9N46MO378',NULL,NULL,NULL,_binary '\0','2021-09-10',3,NULL,NULL,NULL,NULL,0,0),(1211,3202,'9N46MO379',NULL,NULL,NULL,_binary '\0','2021-09-10',3,NULL,NULL,NULL,NULL,0,0),(1212,3202,'9N46MO380',NULL,NULL,NULL,_binary '\0','2021-09-10',3,NULL,NULL,NULL,NULL,0,0),(1213,3202,'9N46MO381',NULL,NULL,NULL,_binary '\0','2021-09-10',3,NULL,NULL,NULL,NULL,0,0),(1214,3202,'9N46MO382',NULL,NULL,NULL,_binary '\0','2021-09-10',3,NULL,NULL,NULL,NULL,0,0),(1215,3202,'9N46MO383',NULL,NULL,NULL,_binary '\0','2021-09-10',3,NULL,NULL,NULL,NULL,0,0),(1216,3202,'9N46MO384',NULL,NULL,NULL,_binary '\0','2021-09-10',3,NULL,NULL,NULL,NULL,0,0),(1217,3202,'9N46MO385',NULL,NULL,NULL,_binary '\0','2021-09-10',3,NULL,NULL,NULL,NULL,0,0),(1218,3202,'9N46MO386',NULL,NULL,NULL,_binary '\0','2021-09-10',3,NULL,NULL,NULL,NULL,0,0),(1219,3202,'9N46MO387',NULL,NULL,NULL,_binary '\0','2021-09-10',3,NULL,NULL,NULL,NULL,0,0),(1220,3202,'9N46MO388',NULL,NULL,NULL,_binary '\0','2021-09-10',3,NULL,NULL,NULL,NULL,0,0),(1221,3202,'9N46MO389',NULL,NULL,NULL,_binary '\0','2021-09-10',3,NULL,NULL,NULL,NULL,0,0),(1222,3202,'9N46MO390',NULL,NULL,NULL,_binary '\0','2021-09-10',3,NULL,NULL,NULL,NULL,0,0),(1223,3222,'9N46MO391',NULL,NULL,NULL,_binary '\0','2021-09-10',3,NULL,NULL,NULL,NULL,0,0),(1224,3223,'9N46MO392',NULL,NULL,NULL,_binary '\0','2021-09-10',3,NULL,NULL,NULL,NULL,0,0),(1225,3224,'9N46MO393',NULL,NULL,NULL,_binary '\0','2021-09-10',3,NULL,NULL,NULL,NULL,0,0),(1226,3224,'9N46MO394',NULL,NULL,NULL,_binary '\0','2021-09-10',3,NULL,NULL,NULL,NULL,0,0),(1227,3224,'9N46MO395',NULL,NULL,NULL,_binary '\0','2021-09-10',3,NULL,NULL,NULL,NULL,0,0),(1228,3224,'9N46MO396',NULL,NULL,NULL,_binary '\0','2021-09-10',3,NULL,NULL,NULL,NULL,0,0),(1229,3224,'9N46MO397',NULL,NULL,NULL,_binary '\0','2021-09-10',3,NULL,NULL,NULL,NULL,0,0),(1230,3224,'9N46MO398',NULL,NULL,NULL,_binary '\0','2021-09-10',3,NULL,NULL,NULL,NULL,0,0),(1231,3224,'9N46MO399',NULL,NULL,NULL,_binary '\0','2021-09-10',3,NULL,NULL,NULL,NULL,0,0),(1232,3224,'9N46MO400',NULL,NULL,NULL,_binary '\0','2021-09-10',3,NULL,NULL,NULL,NULL,0,0),(1233,3224,'9N46MO401',NULL,NULL,NULL,_binary '\0','2021-09-10',3,NULL,NULL,NULL,NULL,0,0),(1234,3224,'9N46MO402',NULL,NULL,NULL,_binary '\0','2021-09-10',3,NULL,NULL,NULL,NULL,0,0),(1235,3224,'9N46MO403',NULL,NULL,NULL,_binary '\0','2021-09-10',3,NULL,NULL,NULL,NULL,0,0),(1236,3224,'9N46MO404',NULL,NULL,NULL,_binary '\0','2021-09-10',3,NULL,NULL,NULL,NULL,0,0),(1237,3224,'9N46MO405',NULL,NULL,NULL,_binary '\0','2021-09-10',3,NULL,NULL,NULL,NULL,0,0),(1238,3224,'9N46MO406',NULL,NULL,NULL,_binary '\0','2021-09-10',3,NULL,NULL,NULL,NULL,0,0),(1239,3224,'9N46MO407',NULL,NULL,NULL,_binary '','2021-09-10',3,1,407,87,2,0,0),(1240,3224,'9N46MO408',NULL,NULL,NULL,_binary '\0','2021-09-10',3,NULL,NULL,NULL,NULL,0,0),(1241,3224,'9N46MO409',NULL,NULL,NULL,_binary '\0','2021-09-10',3,NULL,NULL,NULL,NULL,0,0),(1242,3224,'9N46MO410',NULL,NULL,NULL,_binary '\0','2021-09-10',3,NULL,NULL,NULL,NULL,0,0),(1243,3224,'9N46MO411',NULL,NULL,NULL,_binary '\0','2021-09-10',3,NULL,NULL,NULL,NULL,0,0),(1244,3224,'9N46MO412',NULL,NULL,NULL,_binary '','2021-09-10',3,1,428,89,2,0,0),(1245,3244,'9N46MO413',NULL,NULL,NULL,_binary '\0','2021-09-10',3,NULL,NULL,NULL,NULL,0,0),(1246,3224,'9N46MO419',NULL,NULL,NULL,_binary '\0','2021-09-10',3,NULL,NULL,NULL,NULL,0,0),(1247,3224,'9N46MO420',NULL,NULL,NULL,_binary '\0','2021-09-10',3,NULL,NULL,NULL,NULL,0,0),(1248,3224,'9N46MO421',NULL,NULL,NULL,_binary '\0','2021-09-10',3,NULL,NULL,NULL,NULL,0,0),(1249,3224,'9N46MO422',NULL,NULL,NULL,_binary '\0','2021-09-10',3,NULL,NULL,NULL,NULL,0,0),(1250,3224,'9N46MO423',NULL,NULL,NULL,_binary '\0','2021-09-10',3,NULL,NULL,NULL,NULL,0,0),(1251,3224,'9N46MO424',NULL,NULL,NULL,_binary '\0','2021-09-10',3,NULL,NULL,NULL,NULL,0,0),(1252,3224,'9N46MO425',NULL,NULL,NULL,_binary '\0','2021-09-10',3,NULL,NULL,NULL,NULL,0,0),(1253,3224,'9N46MO426',NULL,NULL,NULL,_binary '\0','2021-09-10',3,NULL,NULL,NULL,NULL,0,0),(1254,3224,'9N46MO427',NULL,NULL,NULL,_binary '\0','2021-09-10',3,NULL,NULL,NULL,NULL,0,0),(1255,3224,'9N46MO428',NULL,NULL,NULL,_binary '\0','2021-09-10',3,NULL,NULL,NULL,NULL,0,0),(1256,3224,'9N46MO429',NULL,NULL,NULL,_binary '\0','2021-09-10',3,NULL,NULL,NULL,NULL,0,0),(1257,3224,'9N46MO430',NULL,NULL,NULL,_binary '\0','2021-09-10',3,NULL,NULL,NULL,NULL,0,0),(1258,3224,'9N46MO431',NULL,NULL,NULL,_binary '\0','2021-09-10',3,NULL,NULL,NULL,NULL,0,0),(1259,3224,'9N46MO432',NULL,NULL,NULL,_binary '\0','2021-09-10',3,NULL,NULL,NULL,NULL,0,0),(1260,3224,'9N46MO433',NULL,NULL,NULL,_binary '\0','2021-09-10',3,NULL,NULL,NULL,NULL,0,0),(1261,3224,'9N46MO434',NULL,NULL,NULL,_binary '\0','2021-09-10',3,NULL,NULL,NULL,NULL,0,0),(1262,3224,'9N46MO435',NULL,NULL,NULL,_binary '\0','2021-09-10',3,NULL,NULL,NULL,NULL,0,0),(1263,3224,'9N46MO436',NULL,NULL,NULL,_binary '\0','2021-09-10',3,NULL,NULL,NULL,NULL,0,0),(1264,3224,'9N46MO437',NULL,NULL,NULL,_binary '\0','2021-09-10',3,NULL,NULL,NULL,NULL,0,0),(1265,3224,'9N46MO438',NULL,NULL,NULL,_binary '\0','2021-09-10',3,NULL,NULL,NULL,NULL,0,0),(1266,3224,'9N46MO439',NULL,NULL,NULL,_binary '\0','2021-09-10',3,NULL,NULL,NULL,NULL,0,0),(1267,3224,'9N46MO440',NULL,NULL,NULL,_binary '\0','2021-09-10',3,NULL,NULL,NULL,NULL,0,0),(1268,3224,'9N46MO441',NULL,NULL,NULL,_binary '\0','2021-09-10',3,NULL,NULL,NULL,NULL,0,0),(1269,3224,'9N46MO442',NULL,NULL,NULL,_binary '\0','2021-09-10',3,NULL,NULL,NULL,NULL,0,0),(1270,3224,'9N46MO443',NULL,NULL,NULL,_binary '','2021-09-10',3,1,190,87,2,0,0),(1271,3270,'9N46ON144',NULL,NULL,NULL,_binary '\0','2021-09-10',42,NULL,NULL,NULL,NULL,0,0),(1272,3270,'9N46ON146',NULL,NULL,NULL,_binary '\0','2021-09-10',42,NULL,NULL,NULL,NULL,0,0),(1273,3270,'9N46ON151',NULL,NULL,NULL,_binary '\0','2021-09-10',42,NULL,NULL,NULL,NULL,0,0),(1274,3270,'9N46ON152',NULL,NULL,NULL,_binary '\0','2021-09-10',42,NULL,NULL,NULL,NULL,0,0),(1275,3270,'9N46ON155',NULL,NULL,NULL,_binary '\0','2021-09-10',42,NULL,NULL,NULL,NULL,0,0),(1276,3275,'9N46ON167',NULL,NULL,NULL,_binary '\0','2021-09-10',42,NULL,NULL,NULL,NULL,0,0),(1277,3275,'9N46ON169',NULL,NULL,NULL,_binary '\0','2021-09-10',42,NULL,NULL,NULL,NULL,0,0),(1278,3275,'9N46ON171',NULL,NULL,NULL,_binary '\0','2021-09-10',42,NULL,NULL,NULL,NULL,0,0),(1279,3278,'9N46PHCV01',NULL,NULL,NULL,_binary '\0','2021-09-10',46,NULL,NULL,NULL,NULL,0,0),(1280,3279,'9N46RBS01',NULL,NULL,NULL,_binary '\0','2021-09-10',45,NULL,NULL,NULL,NULL,0,0),(1281,3280,'9N46SCN04',NULL,NULL,NULL,_binary '\0','2021-09-10',43,NULL,NULL,NULL,NULL,0,0),(1282,3281,'9N46SCN05',NULL,NULL,NULL,_binary '\0','2021-09-10',43,NULL,NULL,NULL,NULL,0,0),(1283,3281,'9N46SCN06',NULL,NULL,NULL,_binary '\0','2021-09-10',43,NULL,NULL,NULL,NULL,0,0),(1284,3283,'9N46SRV05',NULL,NULL,NULL,_binary '\0','2021-09-10',41,NULL,NULL,NULL,NULL,0,0),(1285,3283,'9N46SRV06',NULL,NULL,NULL,_binary '\0','2021-09-10',41,NULL,NULL,NULL,NULL,0,0),(1286,3283,'9N46SRV07',NULL,NULL,NULL,_binary '\0','2021-09-10',41,NULL,NULL,NULL,NULL,0,0),(1287,3286,'9N46SRV08',NULL,NULL,NULL,_binary '\0','2021-09-10',41,NULL,NULL,NULL,NULL,0,0),(1288,3287,'9N46SRV09',NULL,NULL,NULL,_binary '\0','2021-09-10',41,NULL,NULL,NULL,NULL,0,0),(1289,3288,'9N46SRV11',NULL,NULL,NULL,_binary '\0','2021-09-10',41,NULL,NULL,NULL,NULL,0,0),(1290,3289,'9N46SRV12',NULL,NULL,NULL,_binary '\0','2021-09-10',41,NULL,NULL,NULL,NULL,0,0),(1291,3290,'9N46SRV13',NULL,NULL,NULL,_binary '\0','2021-09-10',41,NULL,NULL,NULL,NULL,0,0),(1292,3290,'9N46SRV14',NULL,NULL,NULL,_binary '\0','2021-09-10',41,NULL,NULL,NULL,NULL,0,0),(1293,3292,'9N46SRV15',NULL,NULL,NULL,_binary '\0','2021-09-10',41,NULL,NULL,NULL,NULL,0,0),(1294,3293,'9N46SSVD01',NULL,NULL,NULL,_binary '\0','2021-09-10',48,NULL,NULL,NULL,NULL,0,0),(1295,3294,'9N46STS01',NULL,NULL,NULL,_binary '\0','2021-09-10',40,NULL,NULL,NULL,NULL,0,0),(1296,3295,'9N46STS02',NULL,NULL,NULL,_binary '\0','2021-09-10',40,NULL,NULL,NULL,NULL,0,0),(1297,3296,'9N46SW005',NULL,NULL,NULL,_binary '\0','2021-09-10',39,NULL,NULL,NULL,NULL,0,0),(1298,3297,'9N46SW007',NULL,NULL,NULL,_binary '\0','2021-09-10',39,NULL,NULL,NULL,NULL,0,0),(1299,3298,'9N46SW017',NULL,NULL,NULL,_binary '\0','2021-09-10',39,NULL,NULL,NULL,NULL,0,0),(1300,3298,'9N46SW021',NULL,NULL,NULL,_binary '\0','2021-09-10',39,NULL,NULL,NULL,NULL,0,0),(1301,3300,'9N46SW028',NULL,NULL,NULL,_binary '\0','2021-09-10',39,NULL,NULL,NULL,NULL,0,0),(1302,3300,'9N46SW029',NULL,NULL,NULL,_binary '\0','2021-09-10',39,NULL,NULL,NULL,NULL,0,0),(1303,3300,'9N46SW030',NULL,NULL,NULL,_binary '\0','2021-09-10',39,NULL,NULL,NULL,NULL,0,0),(1304,3300,'9N46SW031',NULL,NULL,NULL,_binary '\0','2021-09-10',39,NULL,NULL,NULL,NULL,0,0),(1305,3304,'9N46SW032',NULL,NULL,NULL,_binary '\0','2021-09-10',39,NULL,NULL,NULL,NULL,0,0),(1306,3304,'9N46SW033',NULL,NULL,NULL,_binary '\0','2021-09-10',39,NULL,NULL,NULL,NULL,0,0),(1307,3306,'9N46SW034',NULL,NULL,NULL,_binary '\0','2021-09-10',39,NULL,NULL,NULL,NULL,0,0),(1308,3307,'9N46SW035',NULL,NULL,NULL,_binary '\0','2021-09-10',39,NULL,NULL,NULL,NULL,0,0),(1309,3308,'9N46SW036',NULL,NULL,NULL,_binary '\0','2021-09-10',39,NULL,NULL,NULL,NULL,0,0),(1310,3308,'9N46SW037',NULL,NULL,NULL,_binary '\0','2021-09-10',39,NULL,NULL,NULL,NULL,0,0),(1311,3310,'9N46SW038',NULL,NULL,NULL,_binary '\0','2021-09-10',39,NULL,NULL,NULL,NULL,0,0),(1312,3311,'9N46SW039',NULL,NULL,NULL,_binary '\0','2021-09-10',39,NULL,NULL,NULL,NULL,0,0),(1313,3310,'9N46SW040',NULL,NULL,NULL,_binary '\0','2021-09-10',39,NULL,NULL,NULL,NULL,0,0),(1314,3311,'9N46SW041',NULL,NULL,NULL,_binary '\0','2021-09-10',39,NULL,NULL,NULL,NULL,0,0),(1315,3314,'9N46UTM01',NULL,NULL,NULL,_binary '\0','2021-09-10',44,NULL,NULL,NULL,NULL,0,0),(1316,3314,'9N46UTM02',NULL,NULL,NULL,_binary '\0','2021-09-10',44,NULL,NULL,NULL,NULL,0,0),(1317,3316,'9N46UTM03',NULL,NULL,NULL,_binary '\0','2021-09-10',44,NULL,NULL,NULL,NULL,0,0),(1318,3316,'9N46UTM04',NULL,NULL,NULL,_binary '\0','2021-09-10',44,NULL,NULL,NULL,NULL,0,0),(1319,3316,'9N46UTM05',NULL,NULL,NULL,_binary '\0','2021-09-10',44,NULL,NULL,NULL,NULL,0,0),(1320,3316,'9N46UTM06',NULL,NULL,NULL,_binary '\0','2021-09-10',44,NULL,NULL,NULL,NULL,0,0),(1321,3316,'9N46UTM07',NULL,NULL,NULL,_binary '\0','2021-09-10',44,NULL,NULL,NULL,NULL,0,0),(1322,3316,'9N46UTM08',NULL,NULL,NULL,_binary '\0','2021-09-10',44,NULL,NULL,NULL,NULL,0,0),(1323,3316,'9N46UTM09',NULL,NULL,NULL,_binary '\0','2021-09-10',44,NULL,NULL,NULL,NULL,0,0),(1324,3316,'9N46UTM10',NULL,NULL,NULL,_binary '\0','2021-09-10',44,NULL,NULL,NULL,NULL,0,0),(1325,3324,'9N46UTM11',NULL,NULL,NULL,_binary '\0','2021-09-10',44,NULL,NULL,NULL,NULL,0,0),(1326,3325,'9N46UTM12',NULL,NULL,NULL,_binary '\0','2021-09-10',44,NULL,NULL,NULL,NULL,0,0),(1327,3326,'9N46UTM15',NULL,NULL,NULL,_binary '\0','2021-09-10',44,NULL,NULL,NULL,NULL,0,0),(1328,3326,'9N46UTM16',NULL,NULL,NULL,_binary '\0','2021-09-10',44,NULL,NULL,NULL,NULL,0,0),(1329,3328,'9N50ON173',NULL,NULL,NULL,_binary '\0','2021-09-10',42,NULL,NULL,NULL,NULL,0,0),(1330,3329,'9N50UTM26',NULL,NULL,NULL,_binary '\0','2021-09-10',44,NULL,NULL,NULL,NULL,0,0),(1331,3329,'9N52UTM21',NULL,NULL,NULL,_binary '\0','2021-09-10',44,NULL,NULL,NULL,NULL,0,0),(1332,3329,'9N56UTM20',NULL,NULL,NULL,_binary '\0','2021-09-10',44,NULL,NULL,NULL,NULL,0,0),(1333,3329,'9N58UTM24',NULL,NULL,NULL,_binary '\0','2021-09-10',44,NULL,NULL,NULL,NULL,0,0),(1334,3329,'9N80UTM23',NULL,NULL,NULL,_binary '\0','2021-09-10',44,NULL,NULL,NULL,NULL,0,0),(1335,3329,'9N82UTM22',NULL,NULL,NULL,_binary '\0','2021-09-10',44,NULL,NULL,NULL,NULL,0,0),(1336,3329,'9N83UTM25',NULL,NULL,NULL,_binary '\0','2021-09-10',44,NULL,NULL,NULL,NULL,0,0),(1337,2871,'9N85UTM19',NULL,NULL,NULL,_binary '\0','2021-09-10',44,NULL,NULL,NULL,NULL,0,0),(1338,3337,'9O46IM191',NULL,NULL,NULL,_binary '\0','2021-09-10',5,NULL,NULL,NULL,NULL,0,0),(1339,3338,'9O46MO187',NULL,NULL,NULL,_binary '\0','2021-09-10',3,NULL,NULL,NULL,NULL,0,0),(1340,2723,'9O46MO245',NULL,NULL,NULL,_binary '\0','2021-09-10',3,NULL,NULL,NULL,NULL,0,0),(1341,3340,'9O46ON135',NULL,NULL,NULL,_binary '\0','2021-09-10',42,NULL,NULL,NULL,NULL,0,0),(1342,3341,'9P46IM174',NULL,NULL,NULL,_binary '\0','2021-09-10',5,NULL,NULL,NULL,NULL,0,0),(1343,3341,'9P46IM175',NULL,NULL,NULL,_binary '\0','2021-09-10',5,NULL,NULL,NULL,NULL,0,0),(1344,3343,'9P46ON157',NULL,NULL,NULL,_binary '\0','2021-09-10',42,NULL,NULL,NULL,NULL,0,0),(1345,3343,'9P46ON166',NULL,NULL,NULL,_binary '\0','2021-09-10',42,NULL,NULL,NULL,NULL,0,0),(1346,2726,'9Q46IM183',NULL,NULL,NULL,_binary '\0','2021-09-10',5,NULL,NULL,NULL,NULL,0,0),(1347,2726,'9Q46IM190',NULL,NULL,NULL,_binary '\0','2021-09-10',5,NULL,NULL,NULL,NULL,0,0),(1348,2749,'9Q46IM279',NULL,NULL,NULL,_binary '\0','2021-09-10',5,NULL,NULL,NULL,NULL,0,0),(1349,2733,'9Q46MO171',NULL,NULL,NULL,_binary '\0','2021-09-10',3,NULL,NULL,NULL,NULL,0,0),(1350,2723,'9Q46MO241',NULL,NULL,NULL,_binary '\0','2021-09-10',3,NULL,NULL,NULL,NULL,0,0),(1351,2735,'9Q46MO261',NULL,NULL,NULL,_binary '\0','2021-09-10',3,NULL,NULL,NULL,NULL,0,0),(1352,2735,'9Q46MO263',NULL,NULL,NULL,_binary '\0','2021-09-10',3,NULL,NULL,NULL,NULL,0,0),(1353,2735,'9Q46MO267',NULL,NULL,NULL,_binary '\0','2021-09-10',3,NULL,NULL,NULL,NULL,0,0),(1354,2724,'9Q46MO315',NULL,NULL,NULL,_binary '\0','2021-09-10',3,NULL,NULL,NULL,NULL,0,0),(1355,2724,'9Q46MO335',NULL,NULL,NULL,_binary '\0','2021-09-10',3,NULL,NULL,NULL,NULL,0,0),(1356,2724,'9Q50MO316',NULL,NULL,NULL,_binary '\0','2021-09-10',3,NULL,NULL,NULL,NULL,0,0),(1357,2726,'9R46IM187',NULL,NULL,NULL,_binary '\0','2021-09-10',5,NULL,NULL,NULL,NULL,0,0),(1358,3357,'9R46IM378',NULL,NULL,NULL,_binary '\0','2021-09-10',5,NULL,NULL,NULL,NULL,0,0),(1359,2723,'9R46MO247',NULL,NULL,NULL,_binary '\0','2021-09-10',3,NULL,NULL,NULL,NULL,0,0),(1360,2735,'9R46MO269',NULL,NULL,NULL,_binary '\0','2021-09-10',3,NULL,NULL,NULL,NULL,0,0),(1361,2724,'9R46MO327',NULL,NULL,NULL,_binary '\0','2021-09-10',3,NULL,NULL,NULL,NULL,0,0),(1362,2800,'9R46ON008',NULL,NULL,NULL,_binary '\0','2021-09-10',42,NULL,NULL,NULL,NULL,0,0),(1363,2747,'9S46IM131',NULL,NULL,NULL,_binary '\0','2021-09-10',5,NULL,NULL,NULL,NULL,0,0),(1364,2726,'9S46IM189',NULL,NULL,NULL,_binary '\0','2021-09-10',5,NULL,NULL,NULL,NULL,0,0),(1365,2749,'9S46IM280',NULL,NULL,NULL,_binary '\0','2021-09-10',5,NULL,NULL,NULL,NULL,0,0),(1366,2723,'9S46MO248',NULL,NULL,NULL,_binary '\0','2021-09-10',3,NULL,NULL,NULL,NULL,0,0),(1367,2723,'9S46MO249',NULL,NULL,NULL,_binary '\0','2021-09-10',3,NULL,NULL,NULL,NULL,0,0),(1368,3367,'9S46MO284',NULL,NULL,NULL,_binary '\0','2021-09-10',3,NULL,NULL,NULL,NULL,0,0),(1369,2754,'9S50MO417',NULL,NULL,NULL,_binary '\0','2021-09-10',3,NULL,NULL,NULL,NULL,0,0),(1370,2735,'9S87MO265',NULL,NULL,NULL,_binary '\0','2021-09-10',3,NULL,NULL,NULL,NULL,0,0),(1371,3370,'9T46IM167',NULL,NULL,NULL,_binary '\0','2021-09-10',5,NULL,NULL,NULL,NULL,0,0),(1372,3371,'9T46IM311',NULL,NULL,NULL,_binary '\0','2021-09-10',5,NULL,NULL,NULL,NULL,0,0),(1373,2723,'9T46MO244',NULL,NULL,NULL,_binary '\0','2021-09-10',3,NULL,NULL,NULL,NULL,0,0),(1374,2735,'9T46MO260',NULL,NULL,NULL,_binary '\0','2021-09-10',3,NULL,NULL,NULL,NULL,0,0),(1375,2724,'9T46MO334',NULL,NULL,NULL,_binary '\0','2021-09-10',3,NULL,NULL,NULL,NULL,0,0),(1376,2724,'9T46MO336',NULL,NULL,NULL,_binary '\0','2021-09-10',3,NULL,NULL,NULL,NULL,0,0),(1377,3376,'9T46MO341',NULL,NULL,NULL,_binary '\0','2021-09-10',3,NULL,NULL,NULL,NULL,0,0),(1378,2800,'9T46ON026',NULL,NULL,NULL,_binary '\0','2021-09-10',42,NULL,NULL,NULL,NULL,0,0),(1379,3378,'9T46SCN03',NULL,NULL,NULL,_binary '\0','2021-09-10',43,NULL,NULL,NULL,NULL,0,0),(1380,2738,'9U46DD24',NULL,NULL,NULL,_binary '\0','2021-09-10',31,NULL,NULL,NULL,NULL,0,0),(1381,2726,'9U46IM182',NULL,NULL,NULL,_binary '\0','2021-09-10',5,NULL,NULL,NULL,NULL,0,0),(1382,2749,'9U46IM281',NULL,NULL,NULL,_binary '\0','2021-09-10',5,NULL,NULL,NULL,NULL,0,0),(1383,2735,'9U46MO262',NULL,NULL,NULL,_binary '\0','2021-09-10',3,NULL,NULL,NULL,NULL,0,0),(1384,2735,'9U46MO268',NULL,NULL,NULL,_binary '\0','2021-09-10',3,NULL,NULL,NULL,NULL,0,0),(1385,2724,'9U46MO339',NULL,NULL,NULL,_binary '\0','2021-09-10',3,NULL,NULL,NULL,NULL,0,0),(1386,2747,'9X46IM133',NULL,NULL,NULL,_binary '\0','2021-09-10',5,NULL,NULL,NULL,NULL,0,0),(1387,3386,'9X47DD14',NULL,NULL,NULL,_binary '\0','2021-09-10',31,NULL,NULL,NULL,NULL,0,0),(1388,3387,'9X47IM158',NULL,NULL,NULL,_binary '\0','2021-09-10',5,NULL,NULL,NULL,NULL,0,0),(1389,2733,'9X47MO181',NULL,NULL,NULL,_binary '\0','2021-09-10',3,NULL,NULL,NULL,NULL,0,0),(1390,2733,'9X47MO182',NULL,NULL,NULL,_binary '\0','2021-09-10',3,NULL,NULL,NULL,NULL,0,0),(1391,2723,'9X47MO252',NULL,NULL,NULL,_binary '\0','2021-09-10',3,NULL,NULL,NULL,NULL,0,0),(1392,2724,'9X47MO331',NULL,NULL,NULL,_binary '\0','2021-09-10',3,NULL,NULL,NULL,NULL,0,0),(1393,2724,'9X50MO313',NULL,NULL,NULL,_binary '\0','2021-09-10',3,NULL,NULL,NULL,NULL,0,0),(1394,2724,'9X50MO314',NULL,NULL,NULL,_binary '\0','2021-09-10',3,NULL,NULL,NULL,NULL,0,0),(1395,2738,'9Y46DD25',NULL,NULL,NULL,_binary '\0','2021-09-10',31,NULL,NULL,NULL,NULL,0,0),(1396,3395,'9Y46IM124',NULL,NULL,NULL,_binary '\0','2021-09-10',5,NULL,NULL,NULL,NULL,0,0),(1397,2908,'9Y46IM153',NULL,NULL,NULL,_binary '\0','2021-09-10',5,NULL,NULL,NULL,NULL,0,0),(1398,3103,'9Y46MO159',NULL,NULL,NULL,_binary '\0','2021-09-10',3,NULL,NULL,NULL,NULL,0,0),(1399,2723,'9Y46MO246',NULL,NULL,NULL,_binary '\0','2021-09-10',3,NULL,NULL,NULL,NULL,0,0),(1400,3343,'9Y46ON158',NULL,NULL,NULL,_binary '\0','2021-09-10',42,NULL,NULL,NULL,NULL,0,0),(1401,3400,'9Z46IM313',NULL,NULL,NULL,_binary '\0','2021-09-10',5,NULL,NULL,NULL,NULL,0,0),(1402,2754,'9Z46MO416',NULL,NULL,NULL,_binary '\0','2021-09-10',3,NULL,NULL,NULL,NULL,0,0),(1403,2754,'9Z46MO418',NULL,NULL,NULL,_binary '\0','2021-09-10',3,NULL,NULL,NULL,NULL,0,0);
/*!40000 ALTER TABLE `materiel` ENABLE KEYS */;
UNLOCK TABLES;

--
-- Table structure for table `services`
--

DROP TABLE IF EXISTS `services`;
/*!40101 SET @saved_cs_client     = @@character_set_client */;
/*!50503 SET character_set_client = utf8mb4 */;
CREATE TABLE `services` (
  `id` int NOT NULL AUTO_INCREMENT,
  `service_name` varchar(300) NOT NULL,
  `hierarchyLevel` int unsigned DEFAULT NULL,
  `parentId` int DEFAULT NULL,
  PRIMARY KEY (`id`),
  KEY `parentId` (`parentId`),
  CONSTRAINT `services_ibfk_1` FOREIGN KEY (`parentId`) REFERENCES `services` (`id`) ON DELETE RESTRICT ON UPDATE CASCADE
) ENGINE=InnoDB AUTO_INCREMENT=186 DEFAULT CHARSET=utf8mb4 COLLATE=utf8mb4_0900_ai_ci;
/*!40101 SET character_set_client = @saved_cs_client */;

--
-- Dumping data for table `services`
--

LOCK TABLES `services` WRITE;
/*!40000 ALTER TABLE `services` DISABLE KEYS */;
INSERT INTO `services` VALUES (1,'Direction',1,NULL),(2,'Division Support',2,1),(3,'Division Ingénieurie et investissement',2,1),(4,'Division Exploitation',2,1),(5,'Division Clientèle',2,1),(6,'Service Gestion des Ressources Humaine',3,1),(7,'Service Audit et Contrôle Interne',3,1),(8,'Service Contrôle de Gestion',3,1),(9,'Service Qualité, Securité et Environement',3,1),(10,'Service Ingénierie',3,3),(12,'Service grands travaux',3,3),(13,'Service équipement en réseaux',3,3),(14,'Service exploitation réseau eau potable',3,4),(15,'Service exploitation réseau  d\'assinissement liquide',3,4),(16,'Attache à la direction générale',2,1),(17,'Bureau  secrétariat de Direction Générale',2,1),(18,'Bureau  paierie',2,1),(19,'Bureau développement du personnel et S.I.R.H',4,6),(20,'Bureau administration du personnel',4,6),(21,'Bureau formation continue et reporting',4,6),(22,'Bureau  audit des aspects technique',4,7),(23,'Bureau  audit des aspects administratifs et financiers',4,7),(24,'Bureau  budget',4,8),(25,'Bureau  suivi budgétaire',4,8),(26,'Bureau  contrôle qualité et environnement',4,9),(27,'Bureau  sécurité et hygiène',4,9),(28,'Service  système d’information géographique S.I.G et patrimoine',3,3),(29,'Bureau  secrétariat technique',3,3),(30,'Secrétariat D.Expoitation',3,4),(31,'Service  amélioration de rendement réseau eau potable',3,4),(32,'Service  dépollution et grands ouvrages',3,4),(33,'Service  production eau potable',3,4),(34,'Secrétariat Division  clientèle',3,5),(35,'Service  facturation',3,5),(36,'Service  recouvrement',3,5),(37,'Service  développement clientèle',3,5),(38,'Service  communication',3,5),(39,'Service  comptable et financier',3,2),(40,'Service  achat et logistique',3,2),(41,'Service  juridique',3,2),(42,'Service  système d’information',3,2),(43,'Bureau  détection de fuites d’eau et sectorisation',4,31),(44,'Bureau  télégestion du réseau d’eau et reporting',4,31),(45,'Bureau comptage et métrologie',4,31),(46,'Bureau  dépollution et qualité',4,32),(47,'Bureau  entretien et maintenance  service dépollution et grands ouvrages',4,32),(48,'Bureau  gestion réseau d’assainissement liquide',4,15),(49,'Bureau  maintenance réseau d’assainissement liquide',4,15),(50,'Bureau enquêtes et amélioration du fonctionnement du réseau',4,15),(51,'Bureau  entretien préventif et amélioration du fonctionnement du réseau',4,14),(52,'Bureau  gestion et entretien curatif du réseau d’eau potable',4,14),(53,'Bureau sectorisation',4,14),(54,'Bureau  entretien et maintenance service production eau potable',4,33),(55,'Bureau  traitement et contrôle qualité eau',4,33),(56,'Bureau stations de pompage et réservoirs',4,33),(57,'Bureau  études générales et infrastructure',4,10),(58,'Bureau  branchements',4,10),(59,'Bureau  planification et suivi des schémas directeurs',4,10),(60,'Bureau  grands travaux eau potable',4,12),(61,'Bureau  grands travaux assainissement liquide',4,12),(62,'Bureau  équipements lotissements',4,13),(63,'Bureau travaux eau potable',4,13),(64,'Bureau travaux assainissement liquide',4,13),(65,'Bureau  travaux branchement',4,13),(66,'Bureau  système d’information géographique (sig) et cartographie',4,28),(67,'Bureau  administration système et maintenance',4,28),(68,'Bureau  relevé des compteurs',4,35),(69,'Bureau  facturation consommation',4,35),(70,'Bureau  facturation travaux',4,35),(71,'Bureau  encaissement',4,36),(72,'Bureau  recouvrement gros comptes',4,36),(73,'Bureau  coercition-recouvrement',4,36),(74,'Bureau  accueil et réclamation',4,37),(75,'Bureau  comptage et contrôle des installations',4,37),(76,'Bureau  études et infocentre',4,37),(77,'Bureau  communication interne',4,38),(78,'Bureau  communication externe et événementiel',4,38),(79,'Bureau  comptabilité générale',4,39),(80,'Bureau  financier et fiscal',4,39),(81,'Bureau  comptabilité analytique, budgétaires et gestion du patrimoine',4,39),(82,'Bureau  appels d’offre et marches',4,40),(83,'Bureau  magasin',4,40),(84,'Bureau  moyens généraux',4,40),(85,'Bureau  juridique',4,41),(86,'Bureau  assurances et contentieux',4,41),(87,'Bureau  études et développement',4,42),(88,'Bureau  réseaux et sécurité',4,42),(89,'Bureau  exploitation',4,42),(90,'Section gestion de carrière',5,19),(91,'Section contrôle et systèmes d’information',5,19),(92,'Section gestion du temps',5,19),(93,'Section rémunération',5,20),(94,'Section gestion des actes administratifs',5,20),(95,'Section qualité, sante et sécurité de travail',5,20),(96,'Section prestations sociales, fiscal et suivi comptable',5,20),(97,'Section gestion de formation',5,21),(98,'Section suivi des indicateurs et reporting.',5,21),(99,'Section prévisions budgétaires',5,24),(101,'Section suivi budgétaire',5,24),(102,'Section reporting bureau suivi budgetaire',5,25),(103,'Section tableau de bord',5,25),(104,'Section suivi de trésorerie',5,25),(105,'Section démarche qualité',5,26),(106,'Section analyses et améliorations',5,26),(107,'Section démarche sécurité',5,27),(108,'Section analyse des  sinistres et reporting',5,27),(109,'Section détection de fuites d’eau',5,43),(110,'Section télégestion du réseau d’eau',5,44),(111,'Section reporting telegestion',5,44),(112,'Section étalonnage compteurs',5,45),(113,'Section gestion base de données compteurs',5,45),(114,'Section comptage clients',5,45),(115,'Section maintenance équipement step',5,47),(116,'Section maintenance des stations de pompage et de relevage',5,47),(117,'Section gestion réseau d’assainissement liquide',5,48),(118,'Section gestion réclamations clients',5,48),(119,'Section curage manuel et hydrocurage',5,49),(120,'Section programmation',5,49),(121,'Section maintenance préventive',5,49),(122,'Section entretien préventif et amélioration du fonctionnement du réseau de distribution',5,51),(123,'Section entretien curatif du réseau de distribution',5,52),(124,'Section gestion du réseau de distribution par la sous-traitance',5,52),(125,'Section gestion de la production d’eau potable',5,54),(126,'Section maintenance ouvrage de production et de stockage',5,54),(127,'Section contrôle de la qualité des eaux',5,55),(128,'Section études générales',5,57),(129,'Section devis et métré',5,58),(130,'Section planification et suivi des investissements',5,59),(131,'Section grand travaux réseaux B.grands travaux eau potable',5,60),(132,'Section grand travaux réseaux B.assainissement liquide',5,61),(133,'Section équipement assainissement liquide',5,62),(134,'Section travaux B.travaux eau potable',5,63),(135,'Section lotissements B.travaux eau potable',5,63),(136,'Section travaux B.travaux assinissement liquide',5,64),(137,'Section lotissements B.travaux assainissement liquide',5,64),(138,'Section S.I.G eau potable',5,66),(139,'Section S.I.G assainissement liquide',5,66),(140,'Section cartographie',5,66),(141,'Section attribution des tournées',5,68),(142,'Section facturation produit en cours et RM',5,69),(143,'Section liquidation des comptes',5,69),(144,'Section édition et distribution',5,69),(145,'Section facturation clients',5,70),(146,'Section encaissement',5,71),(147,'Section facilités prélèvement bancaire et réseaux-tiers',5,71),(148,'Section consommation gros comptes',5,72),(149,'Section travaux gros comptes',5,72),(150,'Section relances et coercition',5,73),(151,'Section recouvrement impayés travaux',5,73),(152,'Section accueil',5,74),(153,'Section réclamation',5,74),(154,'Section fraudes et contrôle des installations',5,75),(155,'Section comptage',5,75),(156,'Section infocentre',5,76),(157,'Section conception, support et conseil',5,77),(158,'Section renseignement et information',5,77),(159,'Section communication événementiel et institutionnelle',5,78),(160,'Section relation client',5,78),(161,'Section comptabilité clients',5,79),(162,'Section comptabilité des salaires et travaux',5,79),(163,'Section trésorerie',5,80),(164,'Section fiscalité',5,80),(165,'Section gestion des emprunts',5,80),(166,'Section des caisses',5,80),(167,'Section comptabilité analytique',5,81),(168,'Section gestion du patrimoine',5,81),(169,'Section comptabilité  budgétaire',5,81),(170,'Section comptabilité fournisseurs',5,81),(171,'Section bons de commandes, conventions et contrats fournisseurs',5,81),(172,'Section commandes et marches',5,82),(173,'Section appels d’offres',5,82),(174,'Section consultations',5,82),(175,'Section gestion  des fournisseurs',5,82),(176,'Section gestion administrative des stocks',5,83),(177,'Section suivi et gestion physique des stocks',5,83),(178,'Section entretien général',5,84),(179,'Section archives',5,84),(180,'Section entretien du parc auto',5,84),(182,'Section développement',5,87),(183,'Section sécurité réseaux',5,88),(184,'Section sécurité poste de travail',5,88),(185,'Section maintenance et assistance',5,89);
/*!40000 ALTER TABLE `services` ENABLE KEYS */;
UNLOCK TABLES;

--
-- Table structure for table `servicesancestors`
--

DROP TABLE IF EXISTS `servicesancestors`;
/*!40101 SET @saved_cs_client     = @@character_set_client */;
/*!50503 SET character_set_client = utf8mb4 */;
CREATE TABLE `servicesancestors` (
  `servicesId` int NOT NULL,
  `ancestorId` int NOT NULL,
  PRIMARY KEY (`servicesId`,`ancestorId`),
  UNIQUE KEY `servicesancestors_servicesId_ancestorId_unique` (`servicesId`,`ancestorId`),
  KEY `ancestorId` (`ancestorId`),
  CONSTRAINT `servicesancestors_ibfk_1` FOREIGN KEY (`servicesId`) REFERENCES `services` (`id`) ON DELETE CASCADE ON UPDATE CASCADE,
  CONSTRAINT `servicesancestors_ibfk_2` FOREIGN KEY (`ancestorId`) REFERENCES `services` (`id`) ON DELETE CASCADE ON UPDATE CASCADE
) ENGINE=InnoDB DEFAULT CHARSET=utf8mb4 COLLATE=utf8mb4_0900_ai_ci;
/*!40101 SET character_set_client = @saved_cs_client */;

--
-- Dumping data for table `servicesancestors`
--

LOCK TABLES `servicesancestors` WRITE;
/*!40000 ALTER TABLE `servicesancestors` DISABLE KEYS */;
INSERT INTO `servicesancestors` VALUES (2,1),(3,1),(4,1),(5,1),(6,1),(7,1),(8,1),(9,1),(10,1),(12,1),(13,1),(15,1),(16,1),(17,1),(18,1),(19,1),(20,1),(21,1),(22,1),(23,1),(24,1),(25,1),(26,1),(27,1),(28,1),(29,1),(30,1),(31,1),(32,1),(33,1),(34,1),(35,1),(36,1),(37,1),(38,1),(39,1),(40,1),(41,1),(42,1),(43,1),(44,1),(45,1),(46,1),(47,1),(48,1),(49,1),(50,1),(54,1),(55,1),(56,1),(57,1),(58,1),(59,1),(60,1),(61,1),(62,1),(63,1),(64,1),(65,1),(66,1),(67,1),(68,1),(69,1),(70,1),(71,1),(72,1),(73,1),(74,1),(75,1),(76,1),(77,1),(78,1),(79,1),(80,1),(81,1),(82,1),(83,1),(84,1),(85,1),(86,1),(87,1),(88,1),(89,1),(90,1),(91,1),(92,1),(93,1),(94,1),(95,1),(96,1),(97,1),(98,1),(99,1),(101,1),(102,1),(103,1),(104,1),(105,1),(106,1),(107,1),(108,1),(109,1),(110,1),(111,1),(112,1),(113,1),(114,1),(115,1),(116,1),(117,1),(118,1),(119,1),(120,1),(121,1),(125,1),(126,1),(127,1),(128,1),(129,1),(130,1),(131,1),(132,1),(133,1),(134,1),(135,1),(136,1),(137,1),(138,1),(139,1),(140,1),(141,1),(142,1),(143,1),(144,1),(145,1),(146,1),(147,1),(148,1),(149,1),(150,1),(151,1),(152,1),(153,1),(154,1),(155,1),(156,1),(157,1),(158,1),(159,1),(160,1),(161,1),(162,1),(163,1),(164,1),(165,1),(166,1),(167,1),(168,1),(169,1),(170,1),(171,1),(172,1),(173,1),(174,1),(175,1),(176,1),(177,1),(178,1),(179,1),(180,1),(182,1),(183,1),(184,1),(185,1),(39,2),(40,2),(41,2),(42,2),(79,2),(80,2),(81,2),(82,2),(83,2),(84,2),(85,2),(86,2),(87,2),(88,2),(89,2),(161,2),(162,2),(163,2),(164,2),(165,2),(166,2),(167,2),(168,2),(169,2),(170,2),(171,2),(172,2),(173,2),(174,2),(175,2),(176,2),(177,2),(178,2),(179,2),(180,2),(182,2),(183,2),(184,2),(185,2),(10,3),(12,3),(13,3),(28,3),(29,3),(57,3),(58,3),(59,3),(60,3),(61,3),(62,3),(63,3),(64,3),(65,3),(66,3),(67,3),(128,3),(129,3),(130,3),(131,3),(132,3),(133,3),(134,3),(135,3),(136,3),(137,3),(138,3),(139,3),(140,3),(15,4),(30,4),(31,4),(32,4),(33,4),(43,4),(44,4),(45,4),(46,4),(47,4),(48,4),(49,4),(50,4),(54,4),(55,4),(56,4),(109,4),(110,4),(111,4),(112,4),(113,4),(114,4),(115,4),(116,4),(117,4),(118,4),(119,4),(120,4),(121,4),(125,4),(126,4),(127,4),(34,5),(35,5),(36,5),(37,5),(38,5),(68,5),(69,5),(70,5),(71,5),(72,5),(73,5),(74,5),(75,5),(76,5),(77,5),(78,5),(141,5),(142,5),(143,5),(144,5),(145,5),(146,5),(147,5),(148,5),(149,5),(150,5),(151,5),(152,5),(153,5),(154,5),(155,5),(156,5),(157,5),(158,5),(159,5),(160,5),(19,6),(20,6),(21,6),(90,6),(91,6),(92,6),(93,6),(94,6),(95,6),(96,6),(97,6),(98,6),(22,7),(23,7),(24,8),(25,8),(99,8),(101,8),(102,8),(103,8),(104,8),(26,9),(27,9),(105,9),(106,9),(107,9),(108,9),(57,10),(58,10),(59,10),(128,10),(129,10),(130,10),(60,12),(61,12),(131,12),(132,12),(62,13),(63,13),(64,13),(65,13),(133,13),(134,13),(135,13),(136,13),(137,13),(51,14),(52,14),(53,14),(122,14),(123,14),(124,14),(48,15),(49,15),(50,15),(117,15),(118,15),(119,15),(120,15),(121,15),(90,19),(91,19),(92,19),(93,20),(94,20),(95,20),(96,20),(97,21),(98,21),(99,24),(101,24),(102,25),(103,25),(104,25),(105,26),(106,26),(107,27),(108,27),(66,28),(67,28),(138,28),(139,28),(140,28),(43,31),(44,31),(45,31),(109,31),(110,31),(111,31),(112,31),(113,31),(114,31),(46,32),(47,32),(115,32),(116,32),(54,33),(55,33),(56,33),(125,33),(126,33),(127,33),(68,35),(69,35),(70,35),(141,35),(142,35),(143,35),(144,35),(145,35),(71,36),(72,36),(73,36),(146,36),(147,36),(148,36),(149,36),(150,36),(151,36),(74,37),(75,37),(76,37),(152,37),(153,37),(154,37),(155,37),(156,37),(77,38),(78,38),(157,38),(158,38),(159,38),(160,38),(79,39),(80,39),(81,39),(161,39),(162,39),(163,39),(164,39),(165,39),(166,39),(167,39),(168,39),(169,39),(170,39),(171,39),(82,40),(83,40),(84,40),(172,40),(173,40),(174,40),(175,40),(176,40),(177,40),(178,40),(179,40),(180,40),(85,41),(86,41),(87,42),(88,42),(89,42),(182,42),(183,42),(184,42),(185,42),(109,43),(110,44),(111,44),(112,45),(113,45),(114,45),(115,47),(116,47),(117,48),(118,48),(119,49),(120,49),(121,49),(122,51),(123,52),(124,52),(125,54),(126,54),(127,55),(128,57),(129,58),(130,59),(131,60),(132,61),(133,62),(134,63),(135,63),(136,64),(137,64),(138,66),(139,66),(140,66),(141,68),(142,69),(143,69),(144,69),(145,70),(146,71),(147,71),(148,72),(149,72),(150,73),(151,73),(152,74),(153,74),(154,75),(155,75),(156,76),(157,77),(158,77),(159,78),(160,78),(161,79),(162,79),(163,80),(164,80),(165,80),(166,80),(167,81),(168,81),(169,81),(170,81),(171,81),(172,82),(173,82),(174,82),(175,82),(176,83),(177,83),(178,84),(179,84),(180,84),(182,87),(183,88),(184,88),(185,89);
/*!40000 ALTER TABLE `servicesancestors` ENABLE KEYS */;
UNLOCK TABLES;

--
-- Table structure for table `typemateriel`
--

DROP TABLE IF EXISTS `typemateriel`;
/*!40101 SET @saved_cs_client     = @@character_set_client */;
/*!50503 SET character_set_client = utf8mb4 */;
CREATE TABLE `typemateriel` (
  `id` int NOT NULL AUTO_INCREMENT,
  `type` varchar(200) NOT NULL,
  `inventoryornot` bit(1) NOT NULL,
  PRIMARY KEY (`id`)
) ENGINE=InnoDB AUTO_INCREMENT=50 DEFAULT CHARSET=utf8mb3;
/*!40101 SET character_set_client = @saved_cs_client */;

--
-- Dumping data for table `typemateriel`
--

LOCK TABLES `typemateriel` WRITE;
/*!40000 ALTER TABLE `typemateriel` DISABLE KEYS */;
INSERT INTO `typemateriel` VALUES (2,'Sourie',_binary '\0'),(3,'Micro-Ordinateur',_binary ''),(5,'Imprimante',_binary ''),(25,'Lecteur Code a bare',_binary ''),(26,'TSP',_binary ''),(27,'Socle Chargem.TSP',_binary ''),(28,'Réseau informatique',_binary ''),(29,'Armoire',_binary ''),(31,'Disque Dur',_binary ''),(32,'Adaptateur',_binary ''),(33,'Onduleur grande',_binary ''),(34,'Graveur Lecteur externe',_binary ''),(35,'UTM',_binary ''),(37,'HUB',_binary ''),(39,'Switch',_binary ''),(40,'Systèm transfert source',_binary ''),(41,'Serveur',_binary ''),(42,'Onduleur',_binary ''),(43,'Scanner',_binary ''),(44,'Firewall',_binary ''),(45,'Robot de sauvegarde',_binary ''),(46,'Plateforme hyper convergee',_binary ''),(47,'Chargeur pour TSP',_binary ''),(48,'SOLUTION DE SAUVEGARDE VTL',_binary ''),(49,'Clavier',_binary '\0');
/*!40000 ALTER TABLE `typemateriel` ENABLE KEYS */;
UNLOCK TABLES;

--
-- Dumping events for database 'gestion_stock'
--

--
-- Dumping routines for database 'gestion_stock'
--
/*!40103 SET TIME_ZONE=@OLD_TIME_ZONE */;

/*!40101 SET SQL_MODE=@OLD_SQL_MODE */;
/*!40014 SET FOREIGN_KEY_CHECKS=@OLD_FOREIGN_KEY_CHECKS */;
/*!40014 SET UNIQUE_CHECKS=@OLD_UNIQUE_CHECKS */;
/*!40101 SET CHARACTER_SET_CLIENT=@OLD_CHARACTER_SET_CLIENT */;
/*!40101 SET CHARACTER_SET_RESULTS=@OLD_CHARACTER_SET_RESULTS */;
/*!40101 SET COLLATION_CONNECTION=@OLD_COLLATION_CONNECTION */;
/*!40111 SET SQL_NOTES=@OLD_SQL_NOTES */;

-- Dump completed on 2021-09-23 12:08:32
